あさって,1
あなた,1
ありがとう,1
いきもの,1
いす,1
いっぱい,1
イヌ,1
おいしい,1
おいしさ,1
おかし,1
おじいさん,1
おととい,1
お茶,1
かばん,1
カメラ,1
かわいい,1
くつした,1
ゲーム,1
スプーン,1
スポーツ,1
ねこ,1
ねずみ,1
ハサミ,1
ピンク,1
めがね,1
りんご,1
雨,1
黄色,1
音,1
夏,1
家,1
花,1
海,1
丸,1
顔,1
泣く,1
魚,1
靴,1
兄,1
犬,1
口,1
黒,1
黒い,1
山,1
仕事,1
姉,1
車,1
手,1
石,1
雪,1
川,1
足,1
虫,1
鳥,1
弟,1
頭,1
鼻,1
腹,1
本,1
目,1
友達,1
1000年後,2
100円玉,2
10円玉,2
10月,2
11月,2
12月,2
1円玉,2
1月,2
1番,2
2月,2
3月,2
3連休,2
4月,2
500円玉,2
5円玉,2
5月,2
6月,2
7月,2
80代,2
8月,2
9月,2
CM,2
DVD,2
アーティスト,2
アーモンド,2
あいうえお,2
あいこ,2
アイス,2
アイスキャンディー,2
アイスクリーム,2
アイスコーヒー,2
アイドル,2
アイロン,2
アクセサリ,2
あぐら,2
アゲハチョウ,2
あだ名,2
アツアツ,2
アニメ,2
アブラゼミ　,2
あみだくじ,2
アリ,2
アルバイト,2
アルバム,2
アルファベット,2
あんぱん,2
いじわる,2
いちご,2
いつまでも,2
イベント,2
いも,2
いもむし,2
イルカ,2
インターネット,2
インタビュー,2
ウイルス,2
ウーロン茶,2
うちわ,2
うどん,2
うなぎ,2
エビ,2
エンジン,2
オーケストラ,2
オーディション,2
おかず,2
おこづかい,2
おたま,2
おでん,2
おとなしい,2
おみやげ,2
オムレツ,2
オランウータン,2
オリンピック,2
オレンジ,2
お化け,2
お気に入り,2
お好み焼き,2
お笑い,2
お正月,2
お布団,2
お腹いっぱい,2
お弁当,2
お母さん,2
カーテン,2
カエル,2
かかと,2
カステラ,2
ガソリン,2
ガソリンスタンド,2
カツ丼,2
カニ,2
カフェ,2
カブト虫,2
かまぼこ,2
カメレオン,2
カモメ,2
からあげ,2
カラオケ,2
ガラスの破片,2
カレー,2
カレーライス,2
カレンダー,2
カンガルー,2
きぐるみ,2
キノコ,2
ギャグ,2
キャベツ,2
キャラメル,2
キラキラ,2
キリン,2
くじら,2
くすぐる,2
クッション,2
ぐにゃぐにゃ,2
クマ,2
クラゲ,2
クラシック,2
グラス,2
クリームパン,2
グリーンピース,2
クリスマス,2
クリスマスツリー,2
クレープ,2
クローゼット,2
クワガタ,2
ケーキ,2
ケータイ,2
ケチャップ,2
げんこつ,2
コイン,2
コーヒー,2
コーヒー,2
コーラ,2
ゴール,2
ココナッツ,2
コショウ,2
こたつ,2
ゴミ,2
ゴミ箱,2
コンセント,2
コンタクト,2
コンテスト,2
こんにゃく,2
コンピューター,2
ご飯,2
サーフィン,2
さくらんぼ,2
サッカー,2
サツマイモ,2
サボテン,2
サメ,2
サラダ,2
サラリーマン,2
サランラップ,2
サングラス,2
サンタクロース,2
サンダル,2
シーソー,2
しいたけ,2
しっとり,2
ジム,2
じゃがいも,2
シャボン玉,2
シャワー,2
じゃんけんぽい,2
じゃんけんぽん,2
シュークリーム,2
シュレッダー,2
しりとり,2
スイカ,2
スイッチ,2
スカート,2
すごろく,2
スズメ,2
ステッカー,2
ストラップ,2
ストレート,2
スパゲッティ,2
スプレー,2
すべり台,2
スマートフォン,2
スマホ,2
スリッパ,2
ズルい,2
セミ,2
セロテープ,2
せんべい,2
そうめん,2
ソース,2
ソーセージ,2
そば,2
ソフトクリーム,2
ダイエット,2
ダイビング,2
タクシー,2
たくましい,2
タバコ,2
たまねぎ,2
だんご,2
たんこぶ,2
ダンス,2
たんぽぽ,2
チーズ,2
チキンナゲット,2
ちくわ,2
チャーハン,2
チャンネル,2
チャンピオン,2
チューリップ,2
チョウチョ,2
チョコレート,2
チワワ,2
チンパンジー,2
つば,2
つまようじ,2
つま先,2
つらい,2
つらぬく,2
ティッシュ,2
テニス,2
テレビ,2
テントウムシ,2
トウガラシ,2
とうもろこし,2
ドーナツ,2
トカゲ,2
どじょう,2
ドッヂボール,2
トップ,2
トナカイ,2
ドライヤー,2
ドラマ,2
ドラム,2
トランプ,2
トランペット,2
ドリル,2
トレーニング,2
ドレッシング,2
ドロドロ,2
とろろ,2
トロンボーン,2
トンネル,2
トンボ,2
ナイフ,2
なす,2
ナタデココ,2
ナポリタン,2
におい,2
ニュース,2
にらめっこ,2
にんにく,2
ぬいぐるみ,2
パーマ,2
バイク,2
バイト,2
ハイヒール,2
ハエ,2
パジャマ,2
バスケ,2
パスタ,2
パスポート,2
パズル,2
パソコン,2
バター,2
バッグ,2
ハト,2
パトカー,2
バナナ,2
ばらまく,2
パレード,2
バレーボール,2
バレンタイン,2
ハロウィン,2
パンケーキ,2
パンダ,2
パンツ,2
バンド,2
ハンドボール,2
ハンバーガー,2
ハンバーグ,2
ピアノ,2
ビール,2
ヒーロー,2
ピクニック,2
ひげ,2
ひし型,2
ビスケット,2
ひっくりかえる,2
ひっくり返す,2
ひつじ,2
ヒトデ,2
ひまわり,2
ピラミッド,2
ビル,2
ブーメラン,2
プール,2
フォーク,2
フクロウ,2
ふざける,2
ぶどう,2
フライパン,2
プラスチック,2
ブランコ,2
ぶら下げる,2
プレゼント,2
ブロッコリー,2
ふわふわ,2
ベッド,2
べっとり,2
ベランダ,2
ベルト,2
ヘルメット,2
ペンギン,2
ボウリング,2
ほうれん草,2
ボールペン,2
ポケットティッシュ,2
ボタン,2
ホッチキス,2
ボップコーン,2
ポテトチップス,2
ホテル,2
マーマレード,2
マカロニ,2
マグロ,2
マジック,2
マシュマロ,2
まつげ,2
マッサージ,2
まつぼっくり,2
まとまる,2
マフラー,2
マヨネーズ,2
マラカス,2
まろやか,2
ミートソース,2
ミートボール,2
みかん,2
ミキサー,2
みっともない,2
ミュージカル,2
みりん,2
メダカ,2
メモ帳,2
メロン,2
メロンパン,2
もぐら,2
もち,2
もったいない,2
もやし,2
ヤギ,2
やる気,2
やわらかい,2
ヨーグルト,2
ヨーロッパ,2
ラーメン,2
ライオン,2
ライター,2
らくがき,2
ラジオ,2
ラブレター,2
ラムネ,2
ランキング,2
ランドセル,2
リモコン,2
ルール,2
ルーレット,2
レストラン,2
レッサーパンダ,2
レモン,2
ろうそく,2
ローストビーフ,2
ロープ,2
ロボット,2
ワイン,2
わかめ,2
ワニ,2
安心,2
安心感,2
闇,2
杏仁豆腐,2
一瞬,2
一人,2
一年後,2
一万円札,2
溢れる,2
引く,2
引っ越し,2
引っ越す,2
飲み物,2
飲む,2
隠れんぼ,2
宇宙人,2
羽ばたく,2
雨の中,2
雨合羽,2
運転,2
運転手,2
運動,2
運動会,2
雲,2
影,2
映画,2
映画館,2
遠い未来,2
遠足,2
鉛筆,2
鉛筆削り,2
塩,2
塩コショウ,2
応援,2
横顔,2
横断歩道,2
屋根,2
温める,2
温泉,2
音楽,2
下水道,2
下駄箱,2
化学,2
何度でも,2
可能性,2
夏みかん,2
夏休み,2
夏祭り,2
家出,2
家庭,2
科学,2
歌手,2
河原,2
火花,2
過ぎる,2
過ぎ去る,2
過去,2
画面,2
会議,2
会社,2
解ける,2
回る,2
改める,2
海外,2
海賊,2
灰,2
灰色,2
階段,2
外国人,2
楽器,2
乾電池,2
寒い,2
感情,2
漢字,2
甘い,2
観覧車,2
丸める,2
頑張る,2
嬉しい,2
機械,2
帰り道,2
帰る,2
帰宅,2
気温,2
気持ち,2
気持ちいい,2
気体,2
季節,2
輝く,2
鬼ごっこ,2
喫煙所,2
逆さ,2
逆らう,2
救急車,2
牛肉,2
叫ぶ,2
教科書,2
教室,2
胸,2
鏡,2
鏡餅,2
驚き,2
曲がり角,2
玉ねぎ,2
筋肉,2
近所,2
近道,2
金,2
金庫,2
空回る,2
栗,2
経済,2
蛍光灯,2
計算,2
計算機,2
警察,2
穴,2
結婚,2
月,2
月曜日,2
健康,2
肩たたき,2
鍵,2
玄関,2
現れる,2
現在,2
古い,2
固まる,2
狐,2
交換,2
交互,2
交替,2
交通事故,2
厚い,2
向かい風,2
喉,2
幸せ,2
広告,2
攻撃,2
港,2
耕す,2
考える,2
国,2
国語,2
骨,2
今朝,2
今日,2
昆虫,2
左右,2
砂,2
砂浜,2
座布団,2
砕く,2
祭り,2
財布,2
昨日,2
桜,2
雑学,2
三つ編み,2
三角,2
三角形,2
散歩,2
刺し身,2
四角,2
四角形,2
子供,2
指,2
止める,2
紙,2
紫,2
事件,2
事故,2
寺,2
時間,2
耳,2
自転車,2
自動販売機,2
自由研究,2
七五三,2
七夕,2
失う,2
湿る,2
実話,2
写真,2
斜め,2
煮る,2
社会人,2
社長,2
謝る,2
蛇,2
若い,2
若者,2
取る,2
手袋,2
手帳,2
手品,2
種,2
首,2
寿司,2
修学旅行,2
秋,2
終わり,2
習い事,2
習字,2
週末,2
集まり,2
集める,2
十年後,2
重なる,2
重力,2
祝日,2
春,2
春夏秋冬,2
女の子,2
小さい,2
小説,2
小麦粉,2
床,2
消しゴム,2
消す,2
焼きそば,2
焼き鳥,2
焼く,2
笑い声,2
笑う,2
笑わす,2
象,2
醤油,2
上着,2
乗り物,2
常識,2
杖,2
植物,2
色鮮やか,2
食事,2
伸びる,2
寝坊する,2
新しい,2
新幹線,2
新聞,2
浸す,2
深海,2
真っ黒,2
真っ赤な嘘,2
神,2
神社,2
親,2
人形,2
酢,2
水たまり,2
水泳,2
水色,2
水曜日,2
炊飯器,2
数学,2
数字,2
晴れ,2
正月,2
正直,2
正反対,2
正方形,2
正面,2
生きる,2
生クリーム,2
生物,2
生放送,2
生卵,2
青い,2
石ころ,2
積む,2
赤い,2
切る,2
折り紙,2
蝉の声,2
川辺,2
戦う,2
洗濯ばさみ,2
洗濯機,2
洗濯物,2
船,2
全世界,2
粗大ごみ,2
想像力,2
掃除,2
掃除機,2
相撲,2
走る,2
増やす,2
足が速い,2
足湯,2
太陽,2
体育,2
体育会,2
体温計,2
対決,2
待ちあわせ,2
逮捕,2
大きい,2
大雨,2
大晦日,2
大根おろし,2
大声,2
大雪,2
大掃除,2
大騒ぎ,2
大福,2
卓球,2
誕生日,2
暖かい,2
男の子,2
男女,2
知らない,2
知る,2
知識,2
地下,2
地下室,2
地下鉄,2
地球,2
地図,2
地蔵,2
置物,2
着る,2
着物,2
昼ごはん,2
昼寝,2
虫歯,2
貯金,2
貯金箱,2
朝ごはん,2
朝寝坊,2
朝日,2
長方形,2
鳥居,2
漬物,2
爪,2
庭,2
弟子,2
泥水,2
鉄,2
天井,2
転がる,2
田んぼ,2
田舎,2
電子レンジ,2
電車,2
電池,2
電話番号,2
渡り鳥,2
登山,2
都会,2
土,2
怒り,2
怒る,2
冬,2
冬休み,2
刀,2
唐揚げ,2
投げる,2
桃,2
桃太郎,2
働く,2
動く,2
動物,2
毒,2
読書,2
突き刺す,2
豚,2
曇り,2
謎,2
鍋,2
二十年後,2
肉,2
肉じゃが,2
日の出,2
日記,2
日向,2
日傘,2
日本地図,2
日曜,2
入浴,2
猫,2
熱い,2
年末,2
燃やす,2
悩み事,2
納豆,2
脳みそ,2
波,2
波の音,2
馬,2
俳句,2
背中,2
剥がす,2
博士,2
白い,2
爆笑,2
爆発,2
縛る,2
箸,2
畑,2
髪の毛,2
半分,2
悲しみ,2
悲しむ,2
皮,2
皮膚,2
眉毛,2
美容室,2
鼻水,2
筆箱,2
百万年後,2
標識,2
病院,2
浜辺,2
不安,2
富士山,2
布団,2
怖い,2
部屋,2
部活,2
風邪,2
風呂,2
物置,2
文学,2
文庫本,2
平日,2
米,2
壁,2
別れる,2
変わらない,2
変わる,2
変身,2
編み物,2
歩き出す,2
歩道橋,2
墓場,2
母親,2
包帯,2
包丁,2
宝,2
宝くじ,2
宝石,2
法律,2
蜂蜜,2
忘れる,2
暴れる,2
冒険,2
頬張る,2
本屋,2
本棚,2
盆踊り,2
妹,2
毎日,2
抹茶,2
満月,2
漫画,2
漫画家,2
味噌汁,2
未来,2
霧,2
名刺,2
名前,2
明るい,2
明後日,2
明日,2
迷う,2
迷宮,2
迷路,2
鳴く,2
綿,2
綿毛,2
面白い,2
毛,2
目玉焼き,2
目薬,2
目立つ,2
餅,2
餅つき,2
戻る,2
野球,2
役に立つ,2
役立つ,2
薬,2
友人,2
幽霊,2
遊ぶ,2
遊べる,2
遊園地,2
夕ご飯,2
夕焼け,2
夕方,2
幼稚園,2
揺れる,2
溶ける,2
羊,2
絡まる,2
落ちる,2
落ち着く,2
落とす,2
落語,2
梨,2
理科,2
陸,2
立ち上がる,2
流れ星,2
両手,2
力,2
緑,2
輪ゴム,2
冷蔵庫,2
歴史,2
恋,2
恋する,2
練習,2
廊下,2
話す,2
0%,3
100%,3
119,3
0カロリー,3
100マス計算,3
100円ショップ,3
2年後,3
3分クッキング,3
4コマ漫画,3
9回裏,3
AI,3
Apple,3
BB弾,3
B級グルメ,3
B級映画,3
DJ,3
ED,3
EXILE,3
EXIT,3
Google,3
HIPHOP,3
JAXA,3
LED,3
LINE,3
LINEの通知,3
MacBook,3
NGワード,3
NHK,3
NISSIN,3
OGOB,3
OK,3
PTA,3
PV,3
Q&A,3
QRコード,3
SMAP,3
UFOキャッチャー,3
Uターン,3
VTR,3
Wi-Fi,3
Wikipedia,3
Word,3
XXL,3
YouTube,3
Y軸,3
アーサー王,3
アースジェット,3
アーチェリー,3
アイキャッチ,3
アイコン,3
アイシャドウ,3
アイスの棒,3
アイテム,3
アイマスク,3
アイライン,3
アイロンがけ,3
アインシュタイン,3
アウトドア,3
アカデミー賞,3
アキアカネ,3
アクシデント,3
アクションゲーム,3
アクセス,3
アクセル,3
アクセント,3
あぐらをかく,3
アクロバット,3
あけすけ,3
あさっての方向,3
アジアゾウ,3
アシスタント,3
アシスト,3
アスファルト,3
アスリート,3
アットホーム,3
アットマーク,3
あてつけ,3
あてのない旅,3
アドバイス,3
アドバンテージ,3
アドベンチャー,3
アトラクション,3
アドレナリン,3
あと一歩,3
アナウンサー,3
アナコンダ,3
アナログ,3
アニソン,3
アニメーション,3
アニメソング,3
アノニマス,3
アピール,3
アブ,3
あぶらみ,3
アフリカ,3
アプリケーション,3
アボリジニ,3
アマガエル,3
アマゾン,3
アミノ酸,3
アメトーーク,3
アメリカ,3
アメリカンジョーク,3
アメリカンドッグ,3
あやめ,3
アライグマ,3
アラサー,3
あられ,3
ありあわせ,3
ありきたり,3
ありのまま,3
アリの大群,3
あるある,3
アルカリ性,3
アルコール,3
アルティメット,3
アルトサックス,3
アルパカ,3
アルミ缶,3
アロハシャツ,3
アロンアルファ,3
あわてんぼう,3
アンチョビ,3
アンティーク,3
アンテナショップ,3
アンデルセン,3
アンドーナツ,3
アンドロイド,3
アンネの日記,3
アンバランス,3
アンパンマン,3
アンリ・マティス,3
いいね,3
イエス・キリスト,3
イエローカード,3
イカフライ,3
いきものがかり,3
イグアナ,3
いくら,3
イケメン,3
イスラム,3
イスラム教,3
イソギンチャク,3
イタリア,3
イタリアン,3
イタリア語,3
いちごオレ,3
いちご大福,3
イチゴ味,3
いちご味,3
いちじく,3
イチョウ,3
イチロー,3
いないいないばあ,3
いないないばあ,3
イノベーション,3
いばら,3
いぶし銀,3
イヤホン,3
いやらしい,3
イリュージョン,3
いろは歌,3
いわし雲,3
インターハイ,3
インチキ,3
インディアン,3
インド,3
インドゾウ,3
イントネーション,3
インド映画,3
インド人,3
インド洋,3
インファイト,3
インプット,3
インフルエンザ,3
ヴァンパイア,3
ウィークエンド,3
ウーロンハイ,3
ウェットティッシュ,3
ウェブサイト,3
ウォーターサーバー,3
ウォータースポーツ,3
ウォシュレット,3
うたた寝,3
うなぎのぼり,3
うまい棒,3
うら若き乙女,3
ウルトラマン,3
うろ覚え,3
エアギター,3
エアバッグ,3
エアバンド,3
エイリアン,3
エージェント,3
エキシビジョン,3
エキセントリック,3
エクササイズ,3
エコー,3
エコバッグ,3
えこひいき,3
エジソン,3
エスカレート,3
エスコート,3
エスニック,3
エチケット,3
エネルギー,3
エネルギー切れ,3
エピソード,3
エビフライ,3
エメラルド,3
エレクトリカルパレード,3
エンジニア,3
エンターキー,3
エントリーナンバー,3
エンドレス,3
エンドロール,3
おーいお茶,3
オーガニック,3
オオカミ少年,3
おおきなかぶ,3
オークション,3
オーソドックス,3
オーディエンス,3
オートバイ,3
オードリー,3
オートレース,3
オートロック,3
オーバーオール,3
オーバーヒート,3
オーボエ,3
オールナイト,3
オールマイティ,3
オカリナ,3
オカルト,3
おこぼれ,3
おしくらまんじゅう,3
オススメ,3
おせっかい,3
オタク,3
オタマジャクシ,3
おちこぼれ,3
おとぎ話,3
オノマトペ,3
おはぎ,3
おふざけ,3
オブラート,3
オペレーション,3
おぼえがき,3
おまじない,3
おめでとう,3
おもてなし,3
おやすみなさい,3
オランジーナ,3
オリオン座,3
オリコンチャート,3
オリジナル,3
オルゴール,3
お月見団子,3
お祭り騒ぎ,3
お試し,3
お釈迦様,3
お取り寄せ,3
お手玉,3
お祝い,3
お笑いコンビ,3
お嬢様,3
お蔵入り,3
お揃い,3
お断り,3
お知らせ,3
お地蔵さん,3
お地蔵様,3
お茶の間,3
お茶会,3
お通し,3
お届け物,3
お買い得,3
お墓参り,3
お墨付き,3
お盆休み,3
お約束,3
お祓い,3
カーステレオ,3
カーチェイス,3
カーディガン,3
ガーデニング,3
カーテンコール,3
カードゲーム,3
ガードレール,3
カーナビゲーション,3
カーニバル,3
カーブミラー,3
ガールズバンド,3
ガイコツ,3
カウンセラー,3
カウンター,3
カウントダウン,3
カオス,3
かかし,3
かかと落とし,3
かぎかっこ,3
かきフライ,3
カクテル,3
かけうどん,3
かじかんだ手,3
カジキマグロ,3
ガスコンロ,3
カスタード,3
カスタネット,3
カスタマイズ,3
ガスボンベ,3
カタツムリ,3
カタログ,3
カチカチ山,3
ガチャ,3
ガチョウ,3
カツカレー,3
カツサンド,3
カップル,3
カップ麺,3
カテゴリー,3
カナダ,3
カナブン,3
カニ雑炊,3
カバー,3
カフェラテ,3
カプセル,3
カプチーノ,3
かぶりつく,3
ガマガエル,3
かまど,3
カマドウマ,3
かみなり雲,3
カミングアウト,3
カモノハシ,3
カモフラージュ,3
カラーコーン,3
カラーコンタクト,3
カラーバリエーション,3
ガラガラヘビ,3
からくり,3
ガラスのハート,3
カラスミ,3
からっ風,3
から騒ぎ,3
かりあげ,3
ガリガリ君,3
カリスマ,3
かりんとう,3
カルガモ,3
カルパッチョ,3
カルボナーラ,3
カレーうどん,3
かわるがわる,3
カンカン照り,3
がんじがらめ,3
ガンダム,3
カントリーマアム,3
カンニングペーパー,3
かんぴょう巻き,3
カンフー,3
カンマ,3
キーボード,3
ギガ,3
ギタリスト,3
キックオフ,3
キッチンタイマー,3
キッチンペーパー,3
キットカット,3
きな臭い,3
きのこの山,3
きびだんご,3
ギフトカード,3
ギャグセンス,3
キャッシュカード,3
キャノンボール,3
キャバクラ,3
キャリーオーバー,3
キャリーバッグ,3
キャンセル料,3
キャンバス,3
キャンパス,3
キャンプファイヤー,3
ギャンブラー,3
キューブ,3
キリスト教,3
きりたんぽ,3
ギロチン,3
キング,3
キングコング,3
キングダム,3
クイズ王,3
グーグル検索,3
クエスチョンマーク,3
クエスト,3
クエン酸,3
くだらない,3
グッドラック,3
グライダー,3
クライマックス,3
クライミング,3
クラクション,3
グラデーション,3
グラビアアイドル,3
グラフ,3
グランドピアノ,3
クリーニング,3
クリームあんみつ,3
クリームソーダ,3
グリーンランド,3
クリエーター,3
クリスタル,3
クリティカル,3
クリニック,3
グリム童話,3
くるぶし,3
グルメレポーター,3
グレーゾーン,3
クレーター,3
グレードアップ,3
クレーマー,3
クレオパトラ,3
クローバー,3
グローバル,3
クロスワードパズル,3
ケアレスミス,3
ケイドロ,3
ケーキ屋,3
ゲートボール,3
ケーブル,3
ゲーマー,3
ゲームオーバー,3
ゲームセット,3
ゲームセンター,3
ゲーム機,3
ゲーム実況,3
ゲスい,3
ケチャップライス,3
ケンタッキー,3
コイントス,3
コインランドリー,3
コインロッカー,3
コウテイペンギン,3
コウノトリ,3
コーディネーター,3
コーディネート,3
コーナーキック,3
コーヒーメーカー,3
コーヒー牛乳,3
コーヒー豆,3
ゴーヤチャンプル,3
ゴールキーパー,3
コオロギ,3
コーンポタージュ,3
コカコーラ,3
ココナツ,3
ゴシック体,3
コシヒカリ,3
ゴジラ,3
ごちそうさま,3
こちょこちょ,3
コックピット,3
ゴッドハンド,3
コテージ,3
こどもの日,3
コピーアンドペースト,3
コピーライター,3
ごぼう抜き,3
こぼれ話,3
コマーシャル,3
コマーシャルソング,3
コミケ,3
コミック,3
コミュニケーション,3
ゴミ捨て場,3
ゴミ掃除,3
ごみ問題,3
コメント,3
コメント欄,3
コヨーテ,3
ゴルゴンゾーラ,3
ゴルフ場,3
コレクション,3
コレクター,3
コロシアム,3
コロッケパン,3
コンクール,3
コンクリート,3
コンサートホール,3
コンソメ,3
コンディショナー,3
コンテナ,3
コント,3
コントラバス,3
コントローラー,3
コンパクト,3
コンビニエンスストア,3
コンビニスイーツ,3
コンビニ弁当,3
コンビネーション,3
コンプリート,3
コンボ,3
ご意見番,3
ご当地アイドル,3
ご褒美ランチ,3
サーキット,3
サークル,3
サービス料,3
サーモグラフィ,3
サイコパス,3
サイゼリヤ,3
サイドミラー,3
サイン会,3
サイン本,3
サウスポー,3
サウンドトラック,3
サザエ,3
サザエさん,3
ささやき声,3
サザンオールスターズ,3
さだまさし,3
サッカー部,3
サドンデス,3
サバイバル,3
サバンナ,3
サプライズゲスト,3
サプリメント,3
サムゲタン,3
サラダバー,3
サロンパス,3
ザンギエフ,3
サンショウウオ,3
サンドバッグ,3
サンドボックス,3
サンバイザー,3
サンプラー,3
サンプル,3
サンライズ,3
シークレット,3
シークヮーサー,3
シークワーサー,3
シーザーサラダ,3
シェア,3
ジェットコースター,3
ジェットスキー,3
ジェット気流,3
ジェネレーター,3
シェルター,3
ジェントルマン,3
シガレット,3
シクラメン,3
ししゃも,3
シチュエーション,3
しつけ糸,3
しどろもどろ,3
シミュレーション,3
シミュレーター,3
しめりけ,3
しもべ,3
ジャーナリスト,3
シャーロック・ホームズ,3
ジャイアン,3
ジャイアンツ,3
ジャガー,3
しゃがれ声,3
ジャズ,3
ジャスミン茶,3
シャチ,3
ジャックオーランタン,3
シャッターチャンス,3
ジャニーズ,3
しゃぶしゃぶ,3
ジャンクフード,3
シャンパンタワー,3
シャンパンファイト,3
ジャンボジェット,3
ジューンブライド,3
シュノーケル,3
ショートカット,3
ショートケーキ,3
ショートパンツ,3
ショッピングモール,3
シルエット,3
シルクハット,3
ジレンマ,3
しわくちゃ,3
しわ寄せ,3
ジンギスカン,3
シンセサイザー,3
シンパシー,3
シンメトリー,3
スイートピー,3
スイカバー,3
スイミング,3
スイミングスクール,3
スイミングプール,3
スウェットパンツ,3
スーパースター,3
スーパーノヴァ,3
スーパーヒーロー,3
スーパーファミコン,3
スーパーマーケット,3
スーパーマリオ,3
スーパー銭湯,3
スープストック,3
スカイチーム,3
スキージャンプ,3
スキップ,3
スキャンダル,3
スキンケア,3
スキンシップ,3
スキンヘッド,3
スクラッチ,3
スクラップ,3
スクランブル交差点,3
スクリーン,3
スクリュー,3
スクワット,3
スケーター,3
スケジュール,3
スケッチ,3
スケルトン,3
スタイリスト,3
スタイリッシュ,3
スタイル,3
スタジオジブリ,3
スタッカート,3
スタンダード,3
スッポン,3
スッポンポン,3
スティーブ・ジョブズ,3
ステップ,3
ステンドグラス,3
ストーカー,3
ストーリーテラー,3
ストリート,3
ストレス発散,3
ストレッチャー,3
スナイパー,3
スナップショット,3
スニッカーズ,3
スノーボード,3
スピード,3
スフィンクス,3
スプレー缶,3
スペシャリスト,3
スポーツカー,3
スポットライト,3
スポンサー,3
すまし顔,3
スライディング,3
スライド,3
スライム,3
スランプ,3
すりガラス,3
スリリング,3
スリル,3
スルメ,3
スルメイカ,3
スレンダー,3
スローガン,3
スローダウン,3
スローテンポ,3
スローモーション,3
スロットマシン,3
ずんだ餅,3
セイウチ,3
セーフガード,3
セーブデータ,3
セーラームーン,3
セキセイインコ,3
セキュリティ,3
セクハラ,3
セブンイレブン,3
セミの鳴き声,3
セロハンテープ,3
センセーション,3
センチメンタル,3
ソウルフード,3
ソフトキャンディ,3
ソフトドリンク,3
ソロ,3
ゾンビ,3
ゾンビ映画,3
ダージリン,3
ダーツ,3
タートルネック,3
ターミナル,3
ターミネーター,3
タイガース,3
タイタニック,3
タイタニック号,3
ダイナミック,3
タイミング,3
タイムスリップ,3
タイムマシーン,3
タイムマシン,3
タイムライン,3
ダウンジャケット,3
だきまくら,3
たけのこの里,3
タコさんウインナー,3
タコライス,3
ダサい,3
ダジャレ,3
だし巻き卵,3
たずねる,3
ただ働き,3
ダックスフンド,3
タップダンス,3
たぶらかす,3
タブレット,3
たまごサンド,3
タマゴボーロ,3
タモリ,3
たゆたう,3
たらい回し,3
タラバガニ,3
タルタルソース,3
タルト,3
タレント,3
タロット占い,3
タワーマンション,3
たわごと,3
ダンクシュート,3
ダンジョン,3
タンパク質,3
ダンプカー,3
タンブラー,3
チアガール,3
チアダンス,3
チアリーダー,3
チーズバーガー,3
チーズフォンデュ,3
チームメイト,3
チームワーク,3
チェックメイト,3
チキン,3
チキンカツ,3
チキン南蛮,3
ちびまる子ちゃん,3
ちまき,3
チャームポイント,3
チャイナタウン,3
チャイルドシート,3
チャッカマン,3
チャラい,3
ちゃらんぽらん,3
チャラ男,3
チャレンジャー,3
ちゃんぽん,3
チューインガム,3
チューイングガム,3
チュートリアル,3
チューペット,3
チュッパチャップス,3
チョウチンアンコウ,3
チョココロネ,3
チラシの裏,3
チリビーンズ,3
ちりめんじゃこ,3
チルド,3
チロルチョコ,3
チンアナゴ,3
チンゲンサイ,3
チンピラ,3
ツイート,3
ツイッター,3
ツーショット,3
ツーリスト,3
ツキノワグマ,3
つぎ込む,3
ツナマヨ,3
つぶやき,3
つり目,3
ティーブレイク,3
ディズニー,3
ディズニーランド,3
ディスプレイ,3
ティッシュペーパー,3
デイトレーダー,3
ディベート,3
ティラノサウルス,3
デート,3
テーブルマナー,3
テーマパーク,3
テクノロジー,3
テコの原理,3
デコレーション,3
デジタル,3
デッキ,3
デッサン,3
デッドスペース,3
デメリット,3
デモ,3
デリケート,3
テリヤキバーガー,3
てるてる坊主,3
テレビショッピング,3
テロ,3
テンプレート,3
トイレットペーパー,3
とうせんぼ,3
トゥルーエンド,3
ドキュメント,3
ドッグフード,3
どっちつかず,3
とどめを刺す,3
ドブネズミ,3
トマトソース,3
ドミノ倒し,3
ドヤ顔,3
トライアスロン,3
ドライカレー,3
ドライバー,3
ドライブ,3
ドライフラワー,3
ドライマンゴー,3
トラウマ,3
ドラえもん,3
ドラクエ,3
トラクター,3
ドラゴンボール,3
トラックメイカー,3
トラブル,3
トラベラー,3
ドラマー,3
ドラムセット,3
ドラムビート,3
トランスフォーム,3
トランポリン,3
トリオ,3
とりかえっこ,3
トリック,3
トリックアート,3
ドリブル,3
トリミング,3
トルネード,3
トレジャーハンター,3
ドレスコード,3
トレッキング,3
トレンチコート,3
ドローン,3
ドロップキック,3
とんがりコーン,3
とんがり帽子,3
ドンキーコング,3
ドンキホーテ,3
とんこつスープ,3
トンチンカン,3
どんでん返し,3
とんとん拍子,3
どん底,3
ト音記号,3
ど根性,3
ど真ん中,3
ド変態,3
ナーバス,3
ナイスガイ,3
ないものねだり,3
なぞかけ,3
ナチュラル,3
ナビゲーター,3
ナビゲート,3
ナポレオン,3
なま物,3
なりすまし,3
ナルシスト,3
ナルシズム,3
ナルト,3
なるほど,3
なんとかなる,3
ナンバーズ,3
ニート,3
ニコニコ動画,3
ニシキゴイ,3
ニホンザル,3
ニュースキャスター,3
ニュートラル,3
ニューヨーク,3
にわか雨,3
ぬめり,3
ぬるぬる,3
ネイリスト,3
ネイルアート,3
ネオンライト,3
ねずみ小僧,3
ネットゲーム,3
ネットニュース,3
ネットワーク,3
ノイズ,3
ノーベル賞,3
のど飴,3
のび太,3
ノミネート,3
のらりくらり,3
のりしろ,3
ノルマ,3
ノンアルコール,3
ノンカロリー,3
ノンフィクション,3
パーカッション,3
バーコード,3
バースデーソング,3
パーセント,3
バーチャル,3
パーティータイム,3
バーテンダー,3
パート,3
ハードル走,3
ハーフ,3
ハーブ,3
パーフェクト,3
ハーフタレント,3
パイオニア,3
バイオハザード,3
ハイキング,3
ハイジャック,3
ハイタッチ,3
ハイテンション,3
バイト探し,3
バイブレーション,3
ハイボール,3
ハイライト,3
バインダー,3
ハウスダスト,3
バウムクーヘン,3
パウンドケーキ,3
ハエたたき,3
バカバカしい,3
パクチー,3
ハザードマップ,3
ハザードランプ,3
はざま,3
ハシビロコウ,3
バスケット,3
バスターミナル,3
パズドラ,3
バズる,3
バスルーム,3
パズルゲーム,3
パスワード,3
バタンキュー,3
パチパチ,3
バックギャモン,3
バックミラー,3
パッケージ,3
パッチワーク,3
バッティングセンター,3
バッテリー,3
ハッピーエンド,3
ハッピーターン,3
ハッピーバースデー,3
パディントン,3
はとバス,3
パトロール,3
ハニーポット,3
ハバネロ,3
パフォーマンス,3
ハプニング,3
パブロ・ピカソ,3
ハヤシライス,3
バラエティ番組,3
パラシュート,3
ハラマキ,3
バリアフリー,3
ハリー・ポッター,3
ハリウッド,3
バリエーション,3
バリケード,3
ハリセンボン,3
ハロウィンパーティー,3
パワーストーン,3
パワースポット,3
ハンググライダー,3
ハングリー精神,3
バンジージャンプ,3
はんだごて,3
ハンディキャップ,3
パンデミック,3
バント,3
ハンドバッグ,3
ハンドルネーム,3
パンナコッタ,3
バンバンジー,3
パンフレット,3
パン工房,3
ピアニスト,3
ピアノ線,3
ビーカー,3
ピーターパン,3
ビーチサンダル,3
ビーチバレー,3
ビーフジャーキー,3
ピカチュウ,3
ヒキガエル,3
ピコピコハンマー,3
ピザカッター,3
ピサの斜塔,3
ビジネス,3
ビジネスマン,3
ビジュアル,3
ピストル,3
ビックバン,3
ビッグバンド,3
びっくり箱,3
ヒットメーカー,3
ヒップホッパー,3
ヒップホップ,3
ひとこと,3
ひとつ残らず,3
ひな祭り,3
ビブラート,3
ひみつ道具,3
ピリオド,3
ビリヤード,3
ビル群,3
ヒロイン,3
ピンセット,3
ピンポイント,3
ファーストクラス,3
ファーストステップ,3
ファイナルファンタジー,3
ファインダー,3
ファッションショー,3
ファッションブランド,3
ファミコン,3
ファンファーレ,3
フィーリング,3
フィギュア,3
フードコート,3
フードプロセッサー,3
ブーブークッション,3
フェイスブック,3
フォーメーション,3
ふくらはぎ,3
フジツボ,3
ぶち壊す,3
ぶっかけうどん,3
ブックエンド,3
ブッダ,3
ぶっつけ本番,3
フットワーク,3
ぶっ飛ばす,3
プテラノドン,3
ブドウ糖,3
プライベート,3
プラカード,3
ブラジャー,3
ブラスバンド,3
ブラックジャック,3
ブラックペッパー,3
ブラックホール,3
フラッシュバック,3
プラネタリウム,3
フラミンゴ,3
フラメンコ,3
プランクトン,3
ブランケット,3
フランケンシュタイン,3
フランス,3
ブランデー,3
ブランド,3
ブランド品,3
ブリ,3
フリーキック,3
フリースタイル,3
フリーペーパー,3
フリーマーケット,3
プリキュア,3
ブリザード,3
フリスビー,3
プリンター,3
ブルーシート,3
フルーツタルト,3
ブルーハワイ,3
ブルーレイ,3
フルカラー,3
プルタブ,3
ブルドーザー,3
ブルドッグ,3
フルパワー,3
プレイステーション,3
プレッシャー,3
フローチャート,3
ブロードウェイ,3
ブログ,3
プログラミング,3
プロゲーマー,3
プロデューサー,3
プロフィール,3
プロモーション,3
プロレス技,3
ブロンズ像,3
プロ根性,3
プロ野球,3
フンコロガシ,3
ヘアアイロン,3
ヘアースタイル,3
ヘアカット,3
ヘアバンド,3
ベーカリー,3
ベーコントースト,3
ページ,3
ベーシスト,3
ベージュ,3
ベース,3
ペースダウン,3
ペースメーカー,3
ベートーベン,3
ペーパーナイフ,3
ペーパーバック,3
ペガサス,3
ベストアルバム,3
へそ曲がり,3
ペッパーランチ,3
ベテラン,3
ベビーカー,3
ペルシャ猫,3
ベレー帽,3
ベンチャー企業,3
ベンツ,3
ペンライト,3
ペン回し,3
ホイコーロー,3
ボイコット,3
ホイッスル,3
ほうき星,3
ほうれい線,3
ボーイフレンド,3
ボーカル,3
ボーダーライン,3
ポートレート,3
ホームドラマ,3
ボーリングピン,3
ホールインワン,3
ホーンテッドマンション,3
ポケモン,3
ほころび,3
ボサノヴァ,3
ほじくる,3
ポジション,3
ボストンバッグ,3
ポタージュ,3
ぼたもち,3
ポチッとな,3
ホッカイロ,3
ポッキー ,3
ぼったくり,3
ホットコーヒー,3
ホットココア,3
ホットパンツ,3
ホットミルク,3
ボディーガード,3
ボディーブロー,3
ボディソープ,3
ボディタッチ,3
ボディチェック,3
ボディビルディング,3
ポテンシャル,3
ほとぼりが冷める,3
ほどよく,3
ボトルシップ,3
ポニーテール,3
ホラー映画,3
ホラー漫画,3
ホラ吹き,3
ホリエモン,3
ポルターガイスト,3
ボルト,3
ポロシャツ,3
ほろ酔い,3
ホワイトデー,3
ホワイトボード,3
ホワイトホール,3
ポンコツ,3
ポンジュース,3
ボンネット,3
ほんの一部,3
マークシート,3
マーチングバンド,3
マーメイド,3
マーメイド,3
マイナンバー,3
マカロン,3
まきびし,3
マクドナルド,3
マグニチュード,3
マグマだまり,3
マグロ丼,3
マジシャン,3
マジックテープ,3
マシンガン,3
マスカット,3
マスカラ,3
マスコット,3
マスタード,3
まだら,3
マッシュルーム,3
マッチ箱,3
マッチ棒,3
マット,3
まとめ,3
まとめ買い,3
マトリョーシカ,3
マドレーヌ,3
マナー,3
マナーモード,3
マニア,3
マニアック,3
マニュアル,3
まばたき,3
まばゆい,3
まばら,3
ままごと,3
ママ友,3
マラソンランナー,3
マリーゴールド,3
マリリン・モンロー,3
マルチ商法,3
マンネリ化,3
まんまる,3
ミーアキャット,3
ミートソースパスタ,3
ミサイル,3
ミシュランガイド,3
ミスコンテスト,3
ミスタードーナツ,3
ミステリ,3
ミステリアス,3
みぞれ,3
ミッキーマウス,3
ミッドナイト,3
ミニスカート,3
ミネラルウォーター,3
ミュージアム,3
ミラーボール,3
ミラクル,3
ミルクチョコレート,3
ミルメーク,3
ムードメーカー,3
ムーブメント,3
ムカデ,3
メイドインジャパン,3
メイド喫茶,3
メートル法,3
メタモン,3
メタリック,3
メディア,3
メモリー,3
メリーゴーランド,3
メンチカツ,3
モアイ像,3
モータースポーツ,3
モーニングコール,3
モザンビーク,3
もずく,3
モチベーション,3
もち米,3
もてなす,3
モデルチェンジ,3
モトクロス,3
モナリザ,3
モニュメント,3
モノポリー,3
ものもらい,3
モノラル,3
モヒカン,3
もみあげ,3
もや,3
もらい泣き,3
モルモット,3
モロヘイヤ,3
もんじゃ焼き,3
モンスターハンター,3
やかましい,3
やばい,3
ヤフーニュース,3
ヤマアラシ,3
ヤマタノオロチ,3
ヤモリ,3
やらせ,3
やりがい,3
やり返す,3
ヤンキー,3
ユーモラス,3
ゆでダコ,3
ユニクロ,3
ユニット,3
ユニフォーム,3
よくばり,3
よしもと,3
よりどりみどり,3
ラーメン屋,3
ラー油,3
ライオンキング,3
ライダー,3
ライダーキック,3
ライトアップ,3
ライトセーバー,3
ライトノベル,3
ライバル,3
ライブ,3
ライフセーバー,3
ライフライン,3
ライフル,3
ラジコンカー,3
らしさ,3
ラストチャンス,3
ラスボス,3
ラップ,3
ラテアート,3
ラノベ,3
ラフ,3
ラブラブ,3
ラベンダー,3
ランチタイム,3
ランチパック,3
ランチョンマット,3
ランドリー,3
リアクション,3
リア充,3
リーグ戦,3
リーゼント,3
リーダー,3
リーダーシップ,3
リーフレット,3
リクエスト,3
リサイクル,3
リサイクル可能,3
リスタート,3
リストバンド,3
リスペクト,3
リツイート,3
リニアモーター,3
リニューアル,3
リハーサル,3
リバウンド,3
リハビリテーション,3
リピーター,3
リプライ,3
リフレッシュ,3
リブロース,3
リミックス,3
リムジン,3
リラクゼーション,3
リンク,3
ルージュ,3
ルーズリーフ,3
ルービックキューブ,3
ルームシェア,3
ルールブック,3
ルパン三世,3
レア度,3
レインボーブリッジ,3
レオタード,3
レギュラー番組,3
レクリエーション,3
レゴ,3
レゴブロック,3
レジ,3
レジェンド,3
レターサイズ,3
レッドカード,3
レッドカーペット,3
レビュー,3
レフェリー,3
レポート,3
レモネード,3
レモンサワー,3
レンジでチン,3
レンタルビデオ,3
レントゲン,3
ロータリー,3
ローテーション,3
ロードローラー,3
ローラースケート,3
ロールキャベツ,3
ロールケーキ,3
ロシア,3
ロシア連邦,3
ロックオン,3
ロックバンド,3
ロックマン,3
ロックンロール,3
ロマンティック,3
ロングシュート,3
ワールドカップ,3
ワインレッド,3
わからない,3
わくわく,3
ワゴン,3
わしづかみ,3
わら半紙,3
ワンコイン,3
ワンダーランド,3
わんぱく,3
ワンパターン,3
ワンフレーズ,3
ワンマンショー,3
ワンルームマンション,3
阿鼻叫喚,3
阿吽の呼吸,3
哀愁,3
愛くるしい,3
愛してる,3
愛するもの,3
愛は勝つ,3
愛情,3
愛想笑い,3
挨拶代わり,3
悪あがき,3
悪影響,3
悪酔い,3
悪戦苦闘,3
悪天候,3
悪徳業者,3
悪役,3
握力,3
虻蜂取らず,3
粟,3
安らぐ,3
安全運転,3
暗殺,3
暗証番号,3
暗中模索,3
闇の中,3
鞍替え,3
伊達メガネ,3
位置情報,3
依存,3
依頼,3
委員会,3
意気投合,3
意気揚々,3
意地っ張り,3
意地汚い,3
椅子取りゲーム,3
為替,3
異口同音,3
異常気象,3
異端,3
胃もたれ,3
胃腸炎,3
遺失物,3
医療機器,3
井の中の蛙,3
井戸端会議,3
育ち盛り,3
一つ星,3
一握り,3
一家団欒,3
一気飲み,3
一騎当千,3
一挙両得,3
一字一句,3
一心同体,3
一神教,3
一人きり,3
一人ぼっち,3
一体感,3
一対一,3
一致団結,3
一途な愛,3
一等賞,3
一念発起,3
一発ギャグ,3
一発屋,3
一発逆転,3
一発芸,3
一匹狼,3
一筆書き,3
一歩一歩,3
一方通行,3
一本勝負,3
一本釣り,3
一本締め,3
一網打尽,3
一攫千金,3
芋焼酎,3
印象,3
因果応報,3
引退,3
飲み直し,3
飲み放題,3
飲むヨーグルト,3
飲食禁止,3
右往左往,3
右肩上がり,3
宇宙空間,3
宇宙飛行士,3
羽毛布団,3
雨ざらし,3
雨の気配,3
雨天決行,3
渦巻き,3
嘘も方便,3
嘘八百,3
浦島太郎,3
瓜,3
瓜二つ,3
運営,3
運転免許,3
運動場,3
運命論,3
雲の上,3
営業マン,3
影が薄い,3
影絵,3
影響力,3
栄養バランス,3
栄養価,3
栄養失調,3
栄養素,3
栄養不足,3
栄養補給,3
永久歯,3
永久保存,3
英国紳士,3
英単語,3
液状化,3
液体,3
駅弁,3
越境,3
円グラフ,3
円運動,3
円形,3
宴会,3
延期,3
延長線,3
演歌歌手,3
演出,3
演奏家,3
炎天下,3
縁,3
遠回し,3
遠回り,3
遠近法,3
遠心力,3
遠吠え,3
塩分,3
汚らしい,3
汚名返上,3
応援団,3
応仁の乱,3
応募,3
押し問答,3
横浜,3
殴り合い,3
王道,3
黄金,3
黄金比,3
黄土色,3
沖縄,3
億万長者,3
屋敷,3
桶狭間,3
牡蠣,3
温泉街,3
温泉卵,3
温暖気候,3
音楽プレーヤー,3
音楽番組,3
音楽理論,3
下僕,3
下剋上,3
化けの皮,3
化学反応,3
化粧室,3
化粧水,3
化物,3
仮設トイレ,3
仮説,3
仮想世界,3
仮想通貨,3
仮面ライダー,3
価値観,3
加害者,3
加工,3
加速度,3
加速度的,3
加糖練乳,3
可燃ゴミ,3
夏フェス,3
夏めく,3
夏目漱石,3
家族団欒,3
家庭科,3
家庭教師,3
家庭料理,3
暇つぶし,3
架空,3
架空請求,3
歌詞カード,3
歌唱力,3
歌舞伎役者,3
歌謡曲,3
火おこし,3
火炎放射器,3
火事,3
火星,3
火星人,3
火縄銃,3
花いちもんめ,3
花より団子,3
花園,3
花吹雪,3
花鳥風月,3
花粉症,3
荷物持ち,3
課金,3
過去形,3
過呼吸,3
過剰摂取,3
過半数,3
蚊取り線香,3
蚊帳,3
我が家,3
蛾,3
介護,3
介護施設,3
会員証,3
会議室,3
会合,3
解説,3
解体新書,3
回し蹴り,3
回想,3
回鍋肉,3
回文,3
回路,3
回路図,3
快感,3
怪奇現象,3
怪獣映画,3
懐中時計,3
改革,3
改名,3
海ぶどう,3
海開き,3
海軍本部,3
海鮮丼,3
海賊旗,3
海賊船,3
灰皿,3
絵文字,3
開拓地,3
貝塚,3
凱旋門,3
外国語,3
外来種,3
咳き込む,3
街頭インタビュー,3
街歩き,3
鎧,3
柿の種,3
各駅停車,3
拡声器,3
格差社会,3
格付け,3
核戦争,3
核融合,3
覚醒,3
角を取る,3
角砂糖,3
隔絶,3
隔離,3
革命家,3
学級委員長,3
学級会,3
学級担任,3
学級閉鎖,3
学校制服,3
学生,3
学生時代,3
学生証,3
学問,3
楽観的,3
掛け軸,3
掛け布団,3
滑舌,3
滑走路,3
鰹節,3
株式会社,3
鎌倉,3
鴨,3
瓦,3
瓦割り,3
冠婚葬祭,3
寒い冬,3
寒空,3
勘違い,3
勧善懲悪,3
巻きたばこ,3
巻物,3
喚く,3
完成品,3
干しぶどう,3
干潟,3
干魃,3
感情的,3
感情表現,3
感情論,3
慣れ親しむ,3
棺桶,3
漢字テスト,3
漢方薬,3
環境問題,3
環状線,3
甘い匂い,3
甘え,3
甘えん坊,3
甘納豆,3
甘味料,3
缶コーヒー,3
缶チューハイ,3
缶バッジ,3
観客,3
観光バス,3
観光客,3
観察,3
観察力,3
観測所,3
観葉植物,3
間一髪,3
韓国語,3
丸暗記,3
丸洗い,3
眼帯,3
眼中にない,3
岩場,3
顔面,3
企む,3
企画,3
危うい,3
危機一髪,3
危機感,3
危機的,3
危急存亡,3
喜び,3
奇襲,3
奇襲戦法,3
奇妙,3
寄せ集め,3
寄生虫,3
岐路に立つ,3
希少性,3
既読無視,3
期間限定,3
期待,3
期待感,3
期待値,3
期末テスト,3
機械音痴,3
機種変更,3
気の緩み,3
気遣い,3
気象レーダー,3
気心,3
気分転換,3
汽車,3
季節外れ,3
規則,3
記念日,3
貴重,3
起き上がりこぼし,3
起動,3
鬼,3
鬼ヶ島,3
鬼に金棒,3
鬼退治,3
亀裂,3
擬人化,3
疑問,3
義務感,3
義理チョコ,3
蟻地獄,3
菊,3
喫煙者,3
詰む,3
脚,3
逆光,3
逆恨み,3
逆襲,3
逆上がり,3
逆転現象,3
休業,3
弓道,3
急がば回れ,3
急ブレーキ,3
急降下,3
急上昇,3
急須,3
急成長,3
急転直下,3
救援,3
求人情報,3
泣きボクロ,3
泣き笑い,3
泣き虫,3
給食当番,3
牛丼,3
居合斬り,3
居座る,3
巨人,3
挙動不審,3
虚弱体質,3
許せない,3
魚雷,3
京都,3
競技,3
競馬,3
競馬場,3
共通言語,3
共通語,3
凶器,3
境界,3
境界線,3
境界線上,3
強すぎる,3
強制終了,3
強烈,3
恐怖映像,3
恐怖症,3
恐怖心,3
教育実習,3
教科書的,3
教師,3
教授,3
教習所,3
教養,3
橋渡し,3
狂気,3
狭き門,3
脅かす,3
曲がりくねった道,3
極悪非道,3
極秘,3
玉手箱,3
玉虫色,3
玉突き事故,3
巾着,3
筋トレ,3
緊張感,3
近視,3
近所迷惑,3
近代化,3
金メダル,3
金貨,3
金管楽器,3
金魚のフン,3
金属バット,3
金太郎,3
金太郎飴,3
金縛り,3
金平糖,3
金儲け,3
金目鯛,3
金融市場,3
銀,3
銀行通帳,3
句読点,3
苦し紛れ,3
苦行,3
苦手,3
苦笑,3
駆け込み乗車,3
空回り,3
空気清浄機,3
空手,3
空色,3
空振り,3
空中ブランコ,3
空飛ぶ絨毯,3
空腹,3
空模様,3
串カツ,3
栗きんとん,3
繰り出す,3
繰り返す,3
群青色,3
軍事組織,3
軍隊,3
刑務所,3
兄貴,3
兄弟愛,3
契約書,3
掲示板,3
敬語,3
経験則,3
経験値,3
経口補水液,3
経済学,3
経済成長,3
継ぎ足す,3
蛍光ペン,3
蛍光塗料,3
計画通り,3
計算通り,3
計量スプーン,3
警告,3
警察署,3
警備員,3
軽トラック,3
軽音楽部,3
軽自動車,3
鶏の照り焼き,3
芸能人,3
劇場版,3
激安,3
激痛,3
隙間風,3
決勝戦,3
決闘,3
潔癖症,3
結ぶ,3
結果オーライ,3
結婚記念日,3
結婚指輪,3
結婚式,3
血,3
血まなこ,3
月の明かり,3
健康ランド,3
健康診断,3
喧嘩腰,3
堅苦しい,3
建前,3
建造物,3
建築,3
憲法,3
懸賞金,3
検索順位,3
権力,3
研究室,3
研究所,3
研磨剤,3
県庁所在地,3
肩たたき券,3
肩慣らし,3
見どころ,3
見放題,3
見本市,3
謙遜,3
顕微鏡,3
元気が出る,3
元旦,3
原材料,3
原子力,3
減らす,3
減らず口,3
現行犯,3
現場,3
現状維持,3
現代アート,3
現代病,3
言い出しっぺ,3
言語,3
言語道断,3
言葉遣い,3
限りある,3
限界,3
個人差,3
個人情報,3
古今東西,3
古今和歌集,3
古着屋,3
古本,3
呼吸,3
呼吸法,3
固体,3
孤立,3
故事成語,3
枯れる,3
枯渇,3
袴,3
跨がる,3
鼓膜,3
五つ星,3
五億円,3
五月病,3
五十音,3
五人組,3
五大湖,3
五平餅,3
五本指,3
五里霧中,3
五稜郭,3
互角に渡る,3
午後の紅茶,3
午前三時,3
娯楽,3
後遺症,3
後始末,3
語らう,3
誤解,3
誤字,3
誤送信,3
鯉,3
交通機関,3
光源,3
光合成,3
公共事業,3
公式,3
公衆電話,3
公衆便所,3
公民館,3
公用語,3
効果,3
効果音,3
口パク,3
口喧嘩,3
口達者,3
向き不向き,3
向上心,3
喉仏,3
垢抜けない,3
好き勝手,3
好意,3
工事現場,3
巷の噂,3
幸か不幸か,3
広辞苑,3
恒例行事,3
慌ただしい,3
抗う,3
抗菌薬,3
拘束,3
拘置所,3
更衣室,3
江戸時代,3
洪水,3
甲高い,3
皇帝,3
糠に釘,3
紅,3
紅一点,3
紅色,3
紅生姜,3
紅葉,3
紅葉狩り,3
綱渡り,3
肯定,3
荒稼ぎ,3
荒唐無稽,3
行き交う,3
行き止まり,3
行ったり来たり,3
行進曲,3
講義,3
鋼,3
鋼の心,3
香辛料,3
高級車,3
高校サッカー,3
高校生,3
高校野球,3
高笑い,3
高身長,3
高性能,3
高層ビル,3
高層マンション,3
高値,3
高等学校,3
高野豆腐,3
合コン,3
合格祈願,3
合気道,3
合唱コンクール,3
合成,3
豪華客船,3
告白,3
国家権力,3
国会答弁,3
国際交流,3
国際連合,3
国道,3
黒字,3
黒焦げ,3
黒電話,3
黒板,3
黒幕,3
黒歴史,3
骨と皮,3
骨休め,3
骨董品,3
今更感,3
今日このごろ,3
困り顔,3
婚活,3
婚約者,3
昆虫標本,3
昆虫類,3
梱包材,3
混じり物,3
混雑,3
差,3
差異,3
砂丘,3
砂時計,3
砂嵐,3
詐欺,3
詐欺師,3
座右の銘,3
座談会,3
座標,3
座標軸,3
再起動,3
再構成,3
再利用,3
最下層,3
最高級品,3
最高峰,3
最終回,3
最終形態,3
最終章,3
最先端,3
最年少,3
細菌,3
細長い,3
細分化,3
細胞,3
菜箸,3
裁判,3
裁判沙汰,3
裁判所,3
裁判長,3
罪,3
罪悪感,3
財宝,3
作家,3
作曲,3
作曲家,3
桜餅,3
札束,3
殺菌消毒,3
殺人鬼,3
殺虫剤,3
雑音,3
雑居ビル,3
雑魚,3
雑巾,3
雑食,3
雑踏,3
雑木林,3
鯖,3
三角コーナー,3
三角関係,3
三寒四温,3
三脚,3
三国干渉,3
三時のおやつ,3
三者三様,3
三十代,3
三重奏,3
三色団子,3
三人称,3
三段腹,3
三途の川,3
三日月,3
三本勝負,3
三枚おろし,3
三輪車,3
参加賞,3
参考書,3
山手線,3
山手線ゲーム,3
山場,3
山賊,3
山脈,3
惨殺,3
散らばる,3
散財,3
散策,3
散髪,3
桟橋,3
珊瑚礁,3
産地直送,3
讃岐うどん,3
賛否両論,3
酸,3
酸性,3
残す,3
仕返し,3
司会,3
司会者,3
司会進行,3
司令官,3
司令塔,3
史上最強,3
四字熟語,3
四十肩,3
四則演算,3
四天王,3
四番打者,3
四方八方,3
始球式,3
始業式,3
姉貴,3
子供たち,3
子供だまし,3
子持ちししゃも,3
子守唄,3
子猫,3
市外局番,3
思う壺,3
思考回路,3
思春期,3
指差す,3
指相撲,3
指名手配,3
指紋認証,3
支え,3
支払い,3
死,3
死にかける,3
死ぬ,3
死角,3
糸電話,3
紙ナプキン,3
紙やすり,3
紙芝居,3
紙粘土,3
紙風船,3
脂肪,3
至難の業,3
視界,3
視力検査,3
試験勉強,3
資格,3
歯型,3
歯向かう,3
歯周病,3
事務,3
事務員,3
事務所,3
似顔絵,3
持ち物,3
持久走,3
時の人,3
時間割,3
時間制限,3
時計台,3
時刻表,3
時代劇,3
時代小説,3
治癒,3
示談,3
耳元,3
耳年増,3
耳鳴り,3
自営業,3
自衛官,3
自画自賛,3
自己,3
自己暗示,3
自己嫌悪,3
自己肯定感,3
自作,3
自撮り棒,3
自信満々,3
自然乾燥,3
自然環境,3
自然現象,3
自然災害,3
自動車学校,3
自白,3
自爆,3
自分らしさ,3
自分自身,3
自分探し,3
自暴自棄,3
自慢話,3
自問自答,3
自由の女神,3
自由自在,3
自由奔放,3
辞世の句,3
七五調,3
七転び八起き,3
七転八倒,3
七味唐辛子,3
七面鳥,3
失業者,3
疾風迅雷,3
質より量,3
質屋,3
質素倹約,3
質問箱,3
実家,3
実写化,3
実力テスト,3
写真撮影,3
写真週刊誌,3
写真集,3
射抜く,3
煮玉子,3
煮込みハンバーグ,3
社員,3
社会,3
社会科見学,3
社会現象,3
社会貢献,3
社会問題,3
社交ダンス,3
謝罪,3
謝肉祭,3
車いす,3
車線変更,3
遮る,3
蛇腹,3
邪道,3
邪魔者,3
借り物競走,3
灼熱,3
若手,3
若返る,3
若葉,3
若葉マーク,3
弱いものいじめ,3
弱者,3
弱体化,3
弱肉強食,3
主演男優賞,3
取り寄せ,3
取り組む,3
取り締まり,3
取り乱す,3
取扱説明書,3
取捨選択,3
手押し車,3
手型,3
手口,3
手取り足取り,3
手相占い,3
手裏剣,3
種明かし,3
腫れ,3
趣味,3
酒,3
酒癖,3
首を絞める,3
首相,3
首都高速,3
受験生,3
受験戦争,3
受験勉強,3
受精,3
寿命,3
授業料,3
需要と供給,3
周期律,3
宗教戦争,3
就活,3
就職,3
就職難,3
修行,3
修行僧,3
修飾語,3
修正,3
修正テープ,3
修正ペン,3
拾いもの,3
秋の空,3
秋の味覚,3
秋祭り,3
秋田犬,3
秋葉原,3
終身雇用,3
終電,3
終電を逃す,3
終了,3
臭み,3
衆議院,3
蹴落とす,3
集団下校,3
集団行動,3
集団登校,3
集団討論,3
集中砲火,3
住職,3
住宅ローン,3
住民票,3
充電,3
充電器,3
十円硬貨,3
十字架,3
十進法,3
十中八九,3
柔道,3
柔軟剤,3
柔軟体操,3
汁物,3
渋滞,3
獣,3
重工業,3
重低音,3
重労働,3
宿泊,3
祝い酒,3
祝賀会,3
出る杭は打たれる,3
出演,3
出家,3
出生届,3
出揃う,3
出来損ない,3
春めく,3
春巻き,3
春休み,3
瞬間移動,3
瞬間接着剤,3
瞬足,3
駿台,3
殉教者,3
準決勝,3
準備運動,3
準優勝,3
純真無垢,3
純文学,3
順風満帆,3
処女作,3
初デート,3
初夏,3
初回,3
初期設定,3
初心者マーク,3
初雪,3
初登場,3
初投稿,3
初日の出,3
初恋,3
所信表明,3
暑い夏,3
暑さ,3
暑苦しい,3
諸悪の根源,3
諸行無常,3
諸刃の剣,3
助ける,3
女子トイレ,3
女子高生,3
女児,3
女心,3
女性専用車,3
女房言葉,3
女遊び,3
除草剤,3
除夜の鐘,3
勝ち残り,3
勝ち抜き,3
召喚,3
商店,3
商店街,3
商売道具,3
商売繁盛,3
将棋倒し,3
将棋盤,3
将来,3
将来像,3
小さな変化,3
小さな旅,3
小テスト,3
小学生,3
小規模,3
小説家になろう,3
小銭,3
小窓,3
小中学校,3
小野小町,3
小躍り,3
小論文,3
小惑星,3
小籠包,3
少子化,3
少女漫画,3
少年,3
少年漫画,3
少年野球,3
少林寺,3
少林寺拳法,3
承認欲求,3
招待状,3
掌握,3
昇天,3
消化器官,3
消去法,3
消毒,3
消毒液,3
消防士,3
消防署,3
消耗品,3
焼きうどん,3
焼きそばパン,3
焼き魚,3
焼け死ぬ,3
焼け野原,3
焼夷弾,3
焼跡,3
焦土,3
笑い,3
笑い転げる,3
笑い話,3
笑わせる,3
笑止千万,3
笑点,3
紹介文,3
衝撃映像,3
衝撃波,3
衝動,3
衝動買い,3
証明写真,3
証明書,3
象形文字,3
賞金首,3
鍾乳洞,3
障害者,3
障害走,3
上位互換,3
上下,3
上下関係,3
上限,3
上司,3
上昇気流,3
上場,3
上場企業,3
上目遣い,3
乗り遅れ,3
城下町,3
場外乱闘,3
場所,3
常温の水,3
常夏,3
常用漢字,3
情け,3
情報公開,3
情報提供,3
情報番組,3
浄水場,3
蒸し風呂,3
蒸す,3
蒸気機関車,3
織田信長,3
織物,3
色気,3
色仕掛け,3
色物,3
触覚,3
触角,3
食べるラー油,3
食レポ,3
食材コーナー,3
食堂,3
食道,3
蝕む,3
尻すぼみ,3
伸びしろ,3
信号待ち,3
信者,3
寝ぼけ,3
寝台車,3
寝転ぶ,3
寝落ち,3
審判員,3
心が折れる,3
心の目,3
心を鬼にする,3
心臓,3
心待ちにする,3
心置きなく,3
心電図,3
心配性,3
心霊現象,3
振りまく,3
振り袖,3
新居,3
新興国,3
新月,3
新婚旅行,3
新人王,3
新人研修,3
新選組,3
新体操,3
新陳代謝,3
新年度,3
新品,3
新聞記事,3
新聞紙,3
新郎新婦,3
森鴎外,3
森羅万象,3
深海魚,3
深呼吸,3
深層心理,3
深淵,3
深淵を覗く,3
深夜ドラマ,3
深夜番組,3
真っ逆さま,3
真空,3
真珠,3
真人間,3
真正面,3
真相,3
真犯人,3
神がかり,3
神隠し,3
神経質,3
神経衰弱,3
神保町,3
親近感,3
親孝行,3
親子丼,3
親不孝,3
診断,3
身代金,3
身分証明書,3
進む,3
進学校,3
進行形,3
進行方向,3
進捗,3
進捗を生む,3
進路選択,3
針仕事,3
針葉樹林,3
震える,3
震える手,3
震源地,3
人懐っこい,3
人間関係,3
人間離れ,3
人気,3
人気者,3
人気投票,3
人形焼,3
人見知り,3
人工知能,3
人工島,3
人混み,3
人妻,3
人事,3
人質,3
人食いザメ,3
人生逆転,3
人生相談,3
人畜無害,3
人文科学,3
人民,3
人狼,3
塵,3
図鑑,3
図書カード,3
図書館,3
吹き出す,3
吹き出物,3
吹雪,3
推敲,3
水を得た魚,3
水圧,3
水割り,3
水琴窟,3
水戸黄門,3
水蒸気,3
水洗い,3
水鉄砲,3
水田,3
水平線,3
水没,3
水面下,3
炊飯ジャー,3
睡眠学習,3
睡眠時間,3
睡眠障害,3
睡眠不足,3
睡眠薬,3
粋な計らい,3
衰え,3
衰弱,3
酔いどれ,3
酔う,3
酔っぱらい,3
数え歌,3
数学者,3
数式,3
数独,3
数秒後,3
裾野,3
世界の半分,3
世界遺産,3
世界一,3
世界一周,3
世界戦争,3
世界地図,3
世間話,3
世代,3
世代交代,3
世論調査,3
世話,3
凄腕,3
性格,3
性善説,3
性癖,3
成り上がり,3
成功者,3
成功報酬,3
成人,3
成人式,3
成長,3
成長する,3
成長ホルモン,3
成長期,3
成分表示,3
政治,3
整形手術,3
整合性,3
整骨院,3
整理整頓,3
星屑,3
星座,3
星座占い,3
晴耕雨読,3
正気の沙汰,3
正義は勝つ,3
正義感,3
正拳突き,3
正攻法,3
正座,3
正四面体,3
正式名称,3
正社員,3
正真正銘,3
正体,3
正当化,3
正統派,3
正露丸,3
清少納言,3
清楚純情,3
清掃用具,3
生き残り,3
生と死,3
生ハム,3
生み出す,3
生活音,3
生活指導,3
生活習慣病,3
生乾き,3
生体反応,3
生徒,3
生徒会,3
生徒会長,3
生徒手帳,3
生半可,3
生返事,3
生命線,3
生命体,3
生命保険,3
生霊,3
生姜焼き,3
精神疾患,3
精神統一,3
精神病,3
聖火ランナー,3
聖書,3
聖職者,3
聖徳太子,3
請求書,3
青いバラ,3
青写真,3
青少年,3
青信号,3
青天井,3
静止画,3
昔ながら,3
石器,3
石川五右衛門,3
石包丁,3
石油王,3
積み重ね,3
積み木,3
積極的,3
赤っ恥,3
赤とんぼ,3
赤べこ,3
赤らめる,3
赤ら顔,3
赤レンガ,3
赤ワイン,3
赤ん坊,3
赤字,3
赤本,3
赤目,3
跡形もない,3
切り刻む,3
切磋琢磨,3
拙者,3
接客,3
接客業,3
接近,3
接着剤,3
折り畳み傘,3
折り鶴,3
窃盗団,3
説得力,3
説明書,3
雪化粧,3
雪吹雪,3
雪崩,3
絶世の美女,3
絶対,3
絶対零度,3
絶望感,3
絶命,3
絶滅,3
絶滅危惧種,3
舌足らず,3
先見の明,3
先手必勝,3
先進国,3
先陣を切る,3
先制攻撃,3
先頭集団,3
千羽鶴,3
千円札,3
千客万来,3
千手観音,3
千本ノック,3
千利休,3
千両箱,3
専業主婦,3
専門,3
専門家,3
専門学校,3
専門職,3
専門店,3
川柳,3
戦国時代,3
戦国武将,3
戦車,3
戦争,3
戦闘,3
戦闘服,3
戦闘力,3
浅瀬,3
洗脳,3
線香花火,3
船を漕ぐ,3
選挙権,3
遷ろう,3
閃き,3
前言撤回,3
前後,3
前後左右,3
前哨戦,3
前触れ,3
前人未到,3
前奏曲,3
前代未聞,3
前払い,3
全員集合,3
全国平均,3
全身タイツ,3
全身強打,3
全速力,3
全知全能,3
全面戦争,3
疎外感,3
祖父,3
粗探し,3
粗末,3
素うどん,3
素っ頓狂,3
素数,3
素敵,3
素肌,3
素粒子,3
組み合わせ,3
創作ダンス,3
創作意欲,3
創造神,3
双子コーデ,3
双頭の鷲,3
爽快感,3
掃除当番,3
掃除用具,3
操り,3
操り人形,3
早寝,3
巣穴,3
相互,3
相互作用,3
相合傘,3
相思相愛,3
相乗効果,3
窓枠,3
総選挙,3
総大将,3
総統,3
総入れ歯,3
総理大臣,3
草食系男子,3
草食男子,3
送りバント,3
送料無料,3
騒がせる,3
臓器,3
造船所,3
側溝,3
即興演奏,3
息苦しい,3
足蹴にする,3
速度,3
速報,3
卒業アルバム,3
卒業写真,3
存在,3
存在しない,3
存在する,3
存在感,3
存在証明,3
孫悟空,3
尊敬語,3
損なう,3
村八分,3
他力本願,3
多重人格,3
多重人格者,3
多文化社会,3
多様性,3
太鼓の達人,3
太鼓判,3
太鼓腹,3
太字,3
太平洋,3
太陽系,3
妥協,3
打ち勝つ,3
打ち上げ花火,3
打ち切り,3
打線,3
打撲,3
楕円形,3
体育教師,3
体育座り,3
体育祭,3
体育倉庫,3
体験談,3
体脂肪,3
体操選手,3
体操服,3
体調が悪い,3
体調不良,3
体罰,3
体力勝負,3
対人ゲーム,3
待合室,3
怠る,3
袋とじ,3
袋のネズミ,3
袋小路,3
袋叩き,3
逮捕状,3
代わり,3
台風の目,3
台本通り,3
大炎上,3
大学,3
大学院,3
大学生,3
大間違い,3
大企業,3
大喜利,3
大逆転,3
大急ぎ,3
大吟醸,3
大嫌い,3
大誤算,3
大洪水,3
大航海時代,3
大合唱,3
大黒柱,3
大根役者,3
大阪の陣,3
大阪人,3
大作戦,3
大使,3
大衆食堂,3
大渋滞,3
大笑い,3
大人気,3
大人買い,3
大正デモクラシー,3
大聖堂,3
大西洋,3
大相撲,3
大草原,3
大通り,3
大都会,3
大統領,3
大同小異,3
大道芸,3
大縄跳び,3
大日本帝国,3
大納言,3
大富豪,3
大文字,3
大乱闘,3
第一印象,3
第一志望,3
醍醐味,3
卓越,3
卓球選手,3
宅急便,3
宅配便,3
託児所,3
達成感,3
脱ぐ,3
脱臼,3
脱脂綿,3
脱出ゲーム,3
脱水症状,3
脱落,3
狸寝入り,3
単語,3
単語帳,3
単行本,3
単三電池,3
単純化,3
単純作業,3
担ぐ,3
探し物,3
探検家,3
探索,3
探偵,3
淡水魚,3
炭酸ガス,3
炭酸飲料,3
短歌,3
短冊,3
短所,3
短編集,3
端末,3
誕生石,3
鍛錬,3
団体戦,3
弾く,3
弾圧,3
弾丸,3
断る,3
断捨離,3
断腸の思い,3
断髪,3
断髪式,3
男らしい,3
男気,3
男泣き,3
男子トイレ,3
男子校,3
男女共通,3
男女兼用,3
男女平等,3
知ったかぶり,3
知っている,3
知覚過敏,3
知能指数,3
知名度,3
地位,3
地下空間,3
地下水路,3
地球温暖化,3
地球規模,3
地獄,3
地獄絵図,3
地産地消,3
地上,3
地上げ,3
地上戦,3
地上波,3
地震情報,3
地震保険,3
地図記号,3
地縛霊,3
地理,3
恥さらし,3
恥じる,3
恥ずかしい,3
恥知らず,3
稚魚,3
置き去り,3
致命傷,3
遅延,3
畜産業,3
茶葉,3
着こなし,3
着の身着のまま,3
着衣水泳,3
着信音,3
着付け,3
着払い,3
中だるみ,3
中央銀行,3
中華街,3
中華包丁,3
中華料理,3
中間,3
中間テスト,3
中古,3
中高生,3
中高年,3
中国,3
中国語,3
中指,3
中止,3
中小企業,3
中心,3
中身,3
中途半端,3
中東,3
中二病,3
中年太り,3
仲違い,3
仲介業者,3
仲間,3
仲間たち,3
宙に舞う,3
忠臣蔵,3
抽選,3
昼下がり,3
注ぐ,3
注意書き,3
注意報,3
注入,3
鋳型,3
駐輪場,3
丁寧語,3
張本人,3
挑戦状,3
朝もや,3
朝顔,3
朝帰り,3
朝型,3
朝三暮四,3
朝弱い,3
朝飯前,3
朝方,3
潮騒,3
町工場,3
町内会,3
眺め,3
聴診器,3
腸,3
腸内環境,3
蝶番,3
調査,3
調味料,3
調理実習,3
調理方法,3
諜報員,3
超越,3
超高層ビル,3
超常現象,3
跳梁跋扈,3
長い年月,3
長距離走,3
長所,3
長丁場,3
鳥かご,3
直射日光,3
直談判,3
直方体,3
直立不動,3
珍回答,3
津々浦々,3
津波,3
墜落,3
追いかけっこ,3
追いつく,3
追い打ち,3
追い抜く,3
追加,3
痛くない,3
痛み,3
痛覚,3
通りすがり,3
通学路,3
通勤ラッシュ,3
通勤快速,3
通勤急行,3
通行止め,3
通信教育,3
通信障害,3
通信制限,3
通知音,3
通知表,3
通販サイト,3
爪痕,3
釣り合う,3
低コスト,3
低脂肪牛乳,3
低身長,3
低評価,3
停留所,3
定期考査,3
定式幕,3
定食屋,3
定置網,3
定年,3
帝釈天,3
程遠い,3
泥除け,3
泥団子,3
的外れ,3
的中,3
適材適所,3
適当,3
哲学,3
哲学者,3
鉄火巻,3
鉄格子,3
鉄条網,3
鉄道員,3
天涯孤独,3
天気予報,3
天狗,3
天狗の鼻,3
天皇,3
天皇陛下,3
天国,3
天国と地獄,3
天才,3
天才肌,3
天使と悪魔,3
天使のキス,3
天守閣,3
天真爛漫,3
天然水,3
天体観測,3
天地の差,3
天地無用,3
天地鳴動,3
天文学,3
天丼,3
展覧会,3
転がす,3
転校生,3
転落,3
点と点,3
点字ブロック,3
伝言ゲーム,3
伝書鳩,3
伝染病,3
伝統芸能,3
伝統工芸品,3
殿堂入り,3
田舎町,3
田舎民,3
田植え,3
電圧,3
電気カーペット,3
電気ショック,3
電気スタンド,3
電気信号,3
電撃,3
電光石火,3
電子タバコ,3
電子音楽,3
電子辞書,3
電子書籍,3
電磁石,3
電車道,3
電池切れ,3
電波塔,3
電話のベル,3
電話帳,3
登下校,3
登校拒否,3
登場人物,3
登竜門,3
途中下車,3
都市伝説,3
都落ち,3
土下座,3
土産話,3
土星,3
土地勘,3
土踏まず,3
奴隷,3
怒鳴り声,3
倒置法,3
冬の空,3
凍える,3
凍りつく,3
刀狩り,3
刀鍛冶,3
唐揚げ弁当,3
投げキッス,3
投げつける,3
投影,3
東京,3
東京オリンピック,3
東京タワー,3
東京育ち,3
東京五輪,3
東京都,3
東京都民,3
東大,3
東北西南,3
桃源郷,3
盗塁王,3
湯治場,3
湯葉,3
灯台下暗し,3
当たり屋,3
当たり外れ,3
当てずっぽう,3
等価交換,3
答案,3
糖尿病,3
豆腐に鎹,3
踏み出す,3
踏切,3
逃げる,3
逃避行,3
透明人間,3
透明度,3
頭がいい,3
頭からっぽ,3
頭蓋骨,3
頭痛,3
頭脳,3
頭脳戦,3
頭髪検査,3
闘争心,3
動き回る,3
動画サイト,3
動植物,3
同い年,3
同意,3
同一人物,3
同義語,3
同士討ち,3
同人誌,3
同窓会,3
同調圧力,3
導火線,3
導入,3
洞察力,3
童心に返る,3
童貞,3
道場破り,3
道徳,3
道半ば,3
道路標示,3
匿う,3
得点王,3
徳,3
徳川家康,3
特急電車,3
特許庁,3
特効薬,3
特攻隊,3
特撮,3
特売日,3
毒リンゴ,3
独身,3
独白,3
独立,3
独擅場,3
読み物,3
読書会,3
突貫工事,3
突沸,3
豚に真珠,3
豚骨ラーメン,3
呑んだくれ,3
内視鏡,3
内緒話,3
内職,3
内臓,3
内弁慶,3
鍋料理,3
馴れ馴れしい,3
南京錠,3
南無阿弥陀仏,3
難易度,3
難解,3
難攻不落,3
難民,3
二階から目薬,3
二階席,3
二宮金次郎,3
二酸化炭素,3
二次会,3
二者面談,3
二十面相,3
二重,3
二進法,3
二人三脚,3
二足歩行,3
二段ベッド,3
二度死ぬ,3
二度寝,3
二日酔い,3
二年前,3
二番煎じ,3
匂い立つ,3
肉食動物,3
日の目を見る,3
日光浴,3
日焼けサロン,3
日照り,3
日照権,3
日常,3
日常会話,3
日食,3
日進月歩,3
日々精進,3
日本,3
日本一周,3
日本円,3
日本海,3
日本橋,3
日本酒,3
日本全土,3
日本刀,3
日本列島,3
入場券,3
入場無料,3
入場料,3
入道雲,3
任天堂,3
忍,3
忍耐力,3
忍法帖,3
認知症,3
猫じゃらし,3
猫背,3
猫撫で声,3
熱帯魚,3
熱帯夜,3
熱中症,3
熱湯風呂,3
熱放射,3
年の功,3
年の瀬,3
年賀状,3
年金,3
年金制度,3
年頃,3
年相応,3
年中無休,3
念仏,3
燃料電池,3
悩ましい,3
濃い,3
濃度,3
濃霧,3
能力,3
脳,3
脳下垂体,3
脳細胞,3
脳震盪,3
脳内,3
脳内汚染,3
脳年齢,3
波乱万丈,3
破壊,3
破壊光線,3
破産,3
破裂音,3
罵詈雑言,3
廃人,3
廃品回収,3
排気ガス,3
排気口,3
排水口,3
排他的,3
敗者復活戦,3
盃,3
背筋,3
背後霊,3
背骨,3
背水の陣,3
肺,3
肺気胸,3
配置,3
培う,3
培養土,3
買い取る,3
買取価格,3
買収,3
売名行為,3
這い上がる,3
伯方の塩,3
剥奪,3
博打,3
博覧会,3
白い息,3
白い粉,3
白ワイン,3
白亜紀,3
白骨,3
白菜,3
白身,3
白装束,3
白昼夢,3
白内障,3
白熱電球,3
白馬の王子,3
白髪,3
白飯,3
白目,3
薄ら笑い,3
薄化粧,3
迫害,3
爆弾発言,3
爆破装置,3
箱買い,3
箸休め,3
肌触り,3
畑違い,3
八つ当たり,3
八つ裂き,3
八重咲き,3
八方塞がり,3
鉢合わせ,3
発音記号,3
発想力,3
発注ミス,3
発電所,3
発熱,3
発売日,3
発表会,3
罰ゲーム,3
抜け殻,3
筏,3
半熟卵,3
半信半疑,3
半袖短パン,3
半島,3
半透明,3
反逆,3
反作用,3
反射光,3
反省会,3
反省文,3
反発,3
反面教師,3
反乱,3
犯罪者,3
犯人,3
繁殖,3
般若心経,3
飯テロ,3
晩餐会,3
晩酌,3
番組表,3
卑怯者,3
卑劣,3
否定,3
彼氏,3
彼女,3
彼方,3
悲壮感,3
比喩表現,3
疲労回復,3
秘境,3
被せる,3
被害者,3
避難警報,3
非モテ,3
非公開,3
非公式,3
非常口,3
非常識,3
非日常,3
飛びつく,3
飛び地,3
飛脚,3
飛行船,3
備長炭,3
備忘録,3
微分積分,3
美女,3
美女と野獣,3
美少年,3
美男子,3
美談,3
美徳,3
美容外科,3
鼻歌交じり,3
鼻毛,3
必殺技,3
必勝法,3
必要不可欠,3
筆記用具,3
百花繚乱,3
百鬼夜行,3
百獣の王,3
百人組手,3
百戦錬磨,3
百発百中,3
標準語,3
氷鬼,3
氷結,3
氷砂糖,3
漂白,3
漂流,3
評判,3
描写,3
病み上がり,3
病院送り,3
病院通い,3
病原体,3
秒殺,3
品定め,3
貧困,3
貧富の差,3
貧乏くじ,3
貧乏神,3
貧乏性,3
不安感,3
不可抗力,3
不協和音,3
不公平,3
不合格,3
不採用,3
不死身,3
不死鳥,3
不時着,3
不治の病,3
不人気,3
不正アクセス,3
不正行為,3
不戦勝,3
不敵な笑み,3
不登校,3
不等号,3
不透明,3
不透明度,3
不動産,3
不届き者,3
不必要,3
不平等,3
不法投棄,3
不本意,3
不眠不休,3
不良生徒,3
付き合う,3
付き人,3
夫婦円満,3
夫婦喧嘩,3
夫婦漫才,3
富士山頂,3
富裕層,3
敷物,3
浮気性,3
浮浪者,3
腐女子,3
腐葉土,3
負けるが勝ち,3
負け犬,3
負の連鎖,3
武士,3
武士道,3
武者震い,3
武装闘争,3
武道館,3
舞踊,3
部屋掃除,3
部下,3
部外者,3
部活動,3
風邪薬,3
風変わり,3
風林火山,3
風呂上がり,3
風呂敷,3
副作用,3
復活,3
復習,3
復讐,3
福笑い,3
福沢諭吉,3
腹いせ,3
腹が立つ,3
腹ペコ,3
腹筋,3
腹筋崩壊,3
腹黒,3
腹痛,3
腹這い,3
腹八分目,3
腹立たしい,3
腹立つ,3
覆面,3
仏教,3
仏教徒,3
物思い,3
物足りない,3
物怖じ,3
物理,3
物理法則,3
分数,3
分離,3
分類,3
粉末,3
文化遺産,3
文化祭,3
文字数,3
文字列,3
文章題,3
文房具屋,3
文明,3
文明の利器,3
文明堂,3
文面,3
聞き覚え,3
平安京,3
平安時代,3
平均寿命,3
平行移動,3
平行四辺形,3
平行線,3
平社員,3
平成,3
平面,3
米俵,3
別れ,3
別れ際,3
別行動,3
変人,3
変装,3
片言,3
片道切符,3
返信,3
便秘,3
便利,3
便利屋,3
弁が立つ,3
弁当箱,3
保健室,3
保護者,3
保証金,3
保存料,3
保冷剤,3
捕獲,3
歩行者天国,3
募集,3
墓参り,3
墓地,3
包囲する,3
包囲網,3
報われない,3
報告書,3
報道陣,3
宝石箱,3
宝箱,3
抱きまくら,3
放し飼い,3
放射線,3
放心,3
放送作家,3
放送事故,3
放任主義,3
放牧,3
方位磁石,3
方言,3
方向音痴,3
方向感覚,3
方向転換,3
法定速度,3
法隆寺,3
泡立つ,3
縫い糸,3
邦ロック,3
飽食,3
飽和,3
亡骸,3
坊主,3
妨げる,3
忘年会,3
暴れん坊,3
暴飲暴食,3
暴風雨,3
暴風警報,3
暴力,3
望遠鏡,3
棒に振る,3
棒高跳び,3
貿易,3
防災訓練,3
防犯カメラ,3
防犯ブザー,3
頬骨,3
北海道,3
北半球,3
牧場,3
牧畜,3
本屋大賞,3
本音,3
本格焼酎,3
本気,3
本当の自分,3
本物,3
本末転倒,3
翻る,3
翻訳,3
盆栽,3
摩擦,3
摩擦音,3
磨りガラス,3
魔が差す,3
魔物,3
魔法使い,3
魔法瓶,3
麻酔銃,3
麻婆豆腐,3
麻薬,3
麻痺,3
枕草子,3
万国共通,3
万札,3
万単位,3
万年筆,3
万能薬,3
万歩計,3
万有引力,3
満員,3
満員電車,3
満開の桜,3
満足度,3
漫画喫茶,3
味をしめる,3
味覚,3
味噌煮込み,3
味方,3
未開の地,3
未来永劫,3
未来予知,3
密売,3
民衆,3
民族衣装,3
夢オチ,3
夢見心地,3
夢心地,3
無,3
無くなる,3
無愛想,3
無害,3
無機質,3
無言,3
無限,3
無効化,3
無垢,3
無実の罪,3
無宗教,3
無条件,3
無色透明,3
無人駅,3
無人機,3
無人島,3
無尽蔵,3
無責任,3
無駄な抵抗,3
無駄遣い,3
無断転載,3
無知,3
無地,3
無秩序,3
無抵抗,3
無鉄砲,3
無頓着,3
無念を晴らす,3
無農薬,3
無味乾燥,3
無味無臭,3
無料化,3
無礼講,3
冥土の土産,3
名を残す,3
名刺交換,3
名所案内,3
名推理,3
名探偵,3
名簿,3
名誉挽回,3
命がけ,3
命綱,3
明太子,3
迷宮入り,3
迷彩柄,3
鳴かず飛ばず,3
滅ぼす,3
免許,3
面持ち,3
面識,3
面談,3
麺,3
模造品,3
模範解答,3
妄想,3
猛スピード,3
猛獣,3
猛吹雪,3
猛反対,3
猛勉強,3
盲点,3
盲目,3
盲目的,3
木管楽器,3
木工ボンド,3
木製バット,3
木炭,3
木馬,3
目からウロコ,3
目ざまし時計,3
目の下のたんこぶ,3
目の敵,3
目安,3
目安箱,3
目撃者,3
目盛り,3
目潰し,3
目分量,3
問題,3
問題解決,3
問題集,3
問答無用,3
悶絶,3
紋切り型,3
門松,3
夜の森,3
夜型,3
夜行バス,3
夜行性,3
夜通し,3
野球少年,3
野球場,3
野球中継,3
野球殿堂,3
野球盤,3
野球部,3
野宿,3
野生種,3
野生動物,3
野良犬,3
野良猫,3
厄払い,3
役者魂,3
役立たず,3
薬剤師,3
輸出,3
輸送船,3
輸入,3
唯一無二,3
優勝,3
優勝カップ,3
優勝候補,3
優勝者,3
優等生,3
勇気,3
幽霊部員,3
憂鬱,3
有害,3
有権者,3
有言実行,3
有刺鉄線,3
有終の美を飾る,3
有頂天,3
有料道路,3
誘拐,3
遊び半分,3
郵便番号,3
郵便物,3
夕刊,3
夕顔,3
夕暮れ,3
予習,3
予想,3
予想通り,3
予測不可能,3
予備校,3
余命,3
余裕,3
幼児語,3
幼馴染,3
幼年期,3
妖怪,3
容姿端麗,3
容赦ない,3
揚げ物,3
揚出し豆腐,3
溶接,3
用意周到,3
要,3
要検討,3
要注意,3
踊り,3
踊り場,3
踊り明かす,3
遥か彼方,3
養殖魚,3
裸,3
裸足,3
落札,3
落武者,3
乱取り,3
乱心,3
乱発,3
卵白,3
藍色,3
理科室,3
理解不可能,3
理解不能,3
理屈,3
理屈抜き,3
理不尽,3
裏金,3
裏切り,3
裏切り者,3
離乳食,3
陸上部,3
陸続き,3
立ちっぱなし,3
立ちん坊,3
立ち飲み屋,3
立ち回り,3
立ち話,3
立体駐車場,3
略奪,3
流しそうめん,3
流れる,3
流れ作業,3
流行り病,3
流行歌,3
流行語,3
流行語大賞,3
流動体,3
留まる,3
留守番電話,3
竜王戦,3
竜巻,3
竜宮城,3
竜頭蛇尾,3
旅立ち,3
旅路,3
両思い,3
両手に花,3
料理長,3
療養所,3
良心,3
量産型,3
領収書,3
力試し,3
力尽きる,3
倫理,3
林間学校,3
臨海学校,3
臨機応変,3
輪廻転生,3
輪投げ,3
隣町,3
涙ぐましい,3
涙ぼくろ,3
涙袋,3
例文,3
冷気,3
冷凍,3
冷凍庫,3
冷凍保存,3
霊柩車,3
歴史書,3
劣等感,3
劣等生,3
恋愛感情,3
恋愛漫画,3
恋心,3
練習場,3
連休,3
連続,3
路線バス,3
路線変更,3
路地裏,3
露天風呂,3
浪人,3
浪人生,3
狼男,3
老いぼれ,3
老化,3
老眼,3
老人ホーム,3
蝋人形,3
六角形,3
録画,3
論理,3
和菓子,3
和食,3
和服,3
和洋折衷,3
歪んだ愛,3
惑わす,3
惑星,3
腕相撲,3
几帳面,3
刹那,3
哺乳類,3
嘲笑い,3
嘲笑う,3
囁く,3
屁理屈,3
彗星,3
忖度,3
懺悔,3
扁桃腺,3
曖昧,3
杞憂,3
檻の中,3
鬱,3
痺れ,3
癇癪,3
筍,3
絆創膏,3
腑に落ちる,3
蕁麻疹,3
藪から棒,3
蜃気楼,3
訛り,3
閻魔大王,3
隕石,3
15の夜,4
1の位,4
3度目の正直,4
3秒ルール,4
8小節,4
9回の裏,4
ACジャパン,4
BADHOP,4
BLTサンド,4
Bluetooth,4
BPO,4
CEO,4
CG,4
Don't think feel,4
EDM,4
Firefox,4
GTO,4
HDD,4
Hello World,4
ICU,4
I'll be back,4
iTunesカード,4
Jアラート,4
LCC,4
M-1グランプリ,4
MCバトル,4
microSD,4
MSゴシック,4
Netflix,4
NHKの集金,4
PDCAサイクル,4
PS vita,4
QuizKnock,4
R.I.P.,4
R２D２,4
RIP,4
R指定,4
Tik Tok,4
UNESCO,4
USB,4
Uターンラッシュ,4
WTO,4
α星,4
アーミーナイフ,4
アイアンマン,4
アイスバーン,4
アイデンティティ,4
アイドリングストップ,4
アイドルマスター,4
アヴァンギャルド,4
アウトブレイク,4
アカウント,4
アカデミック,4
アキネイター,4
アキレス腱,4
アクリルケース,4
あけぼの,4
あげぽよ,4
あしたのジョー,4
アシナガバチ,4
アシンメトリー,4
アスキーアート,4
あすなろ,4
あそこにベンツが停まってますね,4
アップデート,4
アップテンポ,4
アップロード,4
アディダス,4
アドバルーン,4
アドベントカレンダー,4
アド街を見た,4
アナクロ,4
あなた疲れてるのよ,4
アナフィラキシーショック,4
アニサキス,4
アニバーサリー,4
アハ体験,4
アヒージョ,4
アフォガード,4
アフターケア,4
あぶらとり紙,4
アフリカゾウ,4
アプリ内課金,4
アベンジャーズ,4
アヘン戦争,4
アヘ顔,4
アポロ計画,4
アマテラス,4
アミラーゼ,4
アメリカ軍,4
アラカルト,4
アラビアンナイト,4
アラビア語,4
ありがた迷惑,4
アリとキリギリス,4
アル・カイーダ,4
アルカポネ,4
アルコールランプ,4
アルコール消毒,4
アルターエゴ,4
アルツハイマー,4
アルバイト店員,4
アルバニア,4
アルビノ,4
アルファルファ,4
アルファ碁,4
アルファ米,4
アルペジオ,4
アルマゲドン,4
アレルゲン,4
アロマテラピー,4
アンインストール,4
アンコールワット,4
アンサイクロペディア,4
アンシャンレジーム,4
アンダーグラウンド,4
アンダースロー,4
アンダーバー,4
アンダーライン,4
アンディ・ウォーホル,4
アンビバレント,4
アンポンタン,4
あんよ,4
いいえ、ケフィアです,4
イージーモード,4
イージス艦,4
イースター島,4
いいぞもっとやれ,4
イーハトーブ,4
いい最終回だった,4
いい湯だな,4
イヴ・サンローラン,4
イオンモール,4
いきなり団子,4
イグノーベル賞,4
いじめっ子,4
イタイイタイ病,4
イタリアンワイン,4
イタ飯,4
いっこく堂,4
イトトンボ,4
イナゴの佃煮,4
イヌイット,4
いのちだいじに,4
イヤホンジャック,4
イライラ棒,4
イリオモテヤマネコ,4
イルカショー,4
イルミナティ,4
インキュベーション,4
インキュベーター,4
インサイダー,4
インスタグラム,4
インスタレーション,4
インスタ映え,4
インストール,4
インセプション,4
インバータ,4
インプラント,4
インフレーション,4
インベーダー,4
ヴァージンロード,4
ウィルキンソン,4
ウィルパワー,4
ヴィレッジヴァンガード,4
ウォーターフロント,4
ウォーターボーイズ,4
ウォーリーをさがせ,4
ウォンテッド,4
ウサギとカメ,4
うざ絡み,4
うちなんちゅ,4
ウドの大木,4
ウミガメのスープ,4
ウミツバメ,4
ウロボロス,4
うんこマーク,4
エアプ,4
エクスカリバー,4
エゴサーチ,4
エコツーリズム,4
エゾオオカミ,4
エチゼンクラゲ,4
エッセイコミック,4
エッフェル塔,4
エナジードリンク,4
エピローグ,4
エルニーニョ現象,4
エレクトーン,4
エレメント,4
エロ漫画,4
エンジンオイル,4
エンゼルフィッシュ,4
エンターテーナー,4
エントランス,4
エンドルフィン,4
オウンゴール,4
オーケー・ゴー,4
オオコウモリ,4
オオサンショウウオ,4
オートクチュール,4
オートマタ,4
オートミール,4
オートミール,4
オートメーション,4
オーバーキル,4
オーパーツ,4
オーバードーズ,4
オープニングアクト,4
オープンデータ,4
オールインワン,4
オールスターゲーム,4
オールラウンダー,4
オーロラビジョン,4
おかもち,4
おくすり手帳,4
おくりびと,4
おサイフケータイ,4
おしくら饅頭,4
おしりペンペン,4
オスカー像,4
オスグッド,4
オスマン帝国,4
オゾン層,4
オタマトーン,4
おつカレーライス,4
おっとっと,4
おととい来やがれ,4
オナガドリ,4
オバQ,4
おばあちゃん子,4
オフロード,4
オペラ座の怪人,4
おぼっちゃまくん,4
オラつく,4
オリゴ糖,4
おんぶにだっこ,4
オンラインサロン,4
お客様対応窓口,4
お手並み拝見,4
お立ち台,4
カーアクション,4
カーゴカルト,4
カーゴパンツ,4
ガーター勲章,4
ガーデンゴルフ,4
カートゥーンネットワーク,4
カードローン,4
カービィ,4
カーボンブラック,4
ガーリック,4
ガイダンス,4
ガウチョ,4
カウベル,4
カウンターカルチャー,4
カウンターパンチ,4
かかり稽古,4
ガジュマル,4
ガスパチョ,4
カスピ海,4
ガチャピン,4
カットアップ,4
カットソー,4
かに道楽,4
カプサイシン,4
カプリチョーザ,4
かまとと,4
カラーひよこ,4
からくり時計,4
からし蓮根,4
カラフトマス,4
カラメルソース,4
カリグラフィ,4
カリブ海,4
ガリ勉,4
カルシウム,4
カルテット,4
カルメ焼き,4
ガングロギャル,4
カンタータ,4
カンピロバクター,4
カンブリア紀,4
がん細胞,4
ガン飛ばす,4
キーストーン,4
ギザの大スフィンクス,4
ギザ十,4
キシリトール,4
キッザニア,4
きなこ棒,4
キムワイプ,4
キャッツアイ,4
キャノン砲,4
キャパオーバー,4
キャラメルトリュフ,4
ギャラルホルン,4
キャラ作り,4
キャンピングトレーラー,4
ギャンブル依存症,4
キュン死,4
ぎょう虫検査,4
ギリシャ神話,4
キリマンジャロ,4
キリル文字,4
ギンヤンマ,4
クインテット,4
クールジャパン,4
クオカード,4
ぐじゅぐじゅぺ,4
クックパッド,4
グッドデザイン賞,4
くまモン,4
クライアント,4
クラウチングスタート,4
クラウド,4
グラニュー糖,4
グラファイト,4
クリームぜんざい,4
クリーンアップ,4
クリーンエネルギー,4
グリーンサラダ,4
グリーンベレー,4
クリティカルヒット,4
クリぼっち,4
グルカゴン,4
グルコサミン,4
グルタミン酸,4
クレイモア,4
クレジット,4
クレッシェンド,4
グレネード,4
グレネードランチャー,4
グレる,4
クロード・モネ,4
グロス,4
クロスボウ,4
クロマキー合成,4
ケーキ入刀,4
ケータイ大喜利,4
ゲーム&ウォッチ,4
ゲームキューブ,4
ゲームブック,4
ゲームボーイ,4
ゲーム依存症,4
ゲーム音楽,4
ゲーム脳,4
ゲーム理論,4
ゲシュタルト崩壊,4
ケツバット,4
ゲリラ戦争,4
ケルト神話,4
ケンシロウ,4
コウモリダコ,4
コーチジャケット,4
コーナーショット,4
コーヒーの木,4
コールド勝ち,4
ゴールド免許,4
コカイン,4
コカトリス,4
ゴキジェット,4
ゴシックファッション,4
ゴスペラーズ,4
コックリさん,4
ゴッドファーザー,4
コナン・ドイル,4
コノハチョウ,4
この指とまれ,4
ごはんですよ,4
コピーガード,4
コビトカバ,4
コブラツイスト,4
コペルニクス,4
こまごめピペット,4
ゴマフアザラシ,4
コマンド,4
コミュ障,4
ゴミ処理場,4
ゴミ箱行き,4
コリアンタウン,4
ゴルゴ13,4
コルセット,4
コレラ菌,4
コンクリートジャングル,4
コンゴウインコ,4
コンコース,4
コンタミネーション,4
コントレックス,4
コンビナート,4
コンピューターウイルス,4
コンピューター言語,4
コンポーザー,4
コンポーネント,4
ご愁傷様,4
ご当地検定,4
サーバーダウン,4
サービスデザイン,4
サービス残業,4
サーベルタイガー,4
サイキック,4
サイクロン,4
サイクロン掃除機,4
サイコパス診断,4
サイコロキャラメル,4
サイバーテロ,4
サイバーパンク,4
サイバー犯罪,4
サイファー,4
ザイル,4
サキュバス,4
サクソフォン,4
サクラサク,4
サスペンション,4
サタデーナイト,4
サファリパーク,4
サブカル,4
サブミッション,4
サブリナパンツ,4
サプレッサー,4
サボタージュ,4
サボる,4
サマーソニック,4
サムギョプサル,4
サラウンド,4
サラダボウル,4
サラダ記念日,4
サラマンダー,4
サラ金,4
サルモネラ,4
サレンダー,4
ザワークラウト,4
サンクチュアリ,4
サンスクリット語,4
さんぴん茶,4
サンフランシスコ,4
サンプリング,4
シーケンサー,4
シーフードヌードル,4
シーラカンス,4
シヴァ神,4
ジェットエンジン,4
ジェットバス,4
ジェノサイド,4
シガーライター,4
シザーハンズ,4
シシカバブー,4
ジト目,4
シベリア鉄道,4
シムシティ,4
ジャガーノート,4
シャクシャイン,4
じゃじゃ馬ならし,4
ジャズ喫茶,4
ジャックポット,4
シャットダウン,4
シャドーボクシング,4
シャトルバス,4
シャル・ウィ・ダンス,4
ジャワ原人,4
シャングリラ,4
シャンディガフ,4
ジャンピング土下座,4
ジャンボ海老フライ,4
シューゲイザー,4
シュッとした,4
ジョイマン,4
ショウリョウバッタ,4
ショートコント,4
ショートショート,4
ショートニング,4
ジョロウグモ,4
シラス漁,4
シリアルキラー,4
シリンダー,4
シルクドソレイユ,4
シルバニアファミリー,4
シンクタンク,4
シンコペーション,4
ジントニック,4
ジンバブエドル,4
シンプルイズベスト,4
スイングジャズ,4
スーパーカップ,4
スキニーパンツ,4
スキミング,4
スキレット,4
スギ花粉,4
スクールカースト,4
スクリーンショット,4
スクリーントーン,4
スクリュードライバー,4
スチームパンク,4
スチールウール,4
スツール,4
すっとこどっこい,4
ステークホルダー,4
ストップモーション,4
ストリートチルドレン,4
ストリートファイター,4
ストロングゼロ,4
スパークリングワイン,4
スパルタ教育,4
スピリタス,4
スピリタスウォッカ,4
スプロール現象,4
スペアリブ,4
すべりこみセーフ,4
スライダー,4
スライディング土下座,4
スライドムービー,4
スラム街,4
スリーポイントシュート,4
スリザリン,4
スワンボート,4
ゼウス,4
セーフティーバント,4
セーフティネット,4
セーフティバント,4
セール中,4
セガサターン,4
セカンドキャリア,4
セグメント,4
セダン,4
セットドリンクバー,4
セミコロン,4
セミヌード,4
セル,4
センター試験,4
セントバーナード,4
ゾウリムシ,4
ソウルメイト,4
ソーシャルワーカー,4
ソースコード,4
ソーダフロート,4
ソクラテス,4
ソニックブーム,4
ソビエト連邦,4
ソメイヨシノ,4
ソリューション,4
ソルティドッグ,4
ゾロアスター,4
ソロモン諸島,4
ダ・ヴィンチ・コード,4
ダークファンタジー,4
ダークホース,4
タージマハル,4
ダースベイダー,4
タイアップ,4
ダイアモンドダスト,4
ダイオード,4
ダイオキシン,4
タイキック,4
タイポグラフィ,4
タイムカード,4
タイラント,4
タイ古式マッサージ,4
ダウンロード,4
タガメ,4
タカラジェンヌ,4
タクシードライバー,4
ダクトテープ,4
タグボート,4
タコ足配線,4
たたいてかぶってジャンケンポン,4
タックスヘイブン,4
タッグマッチ,4
ダッシュボード,4
ダッチワイフ,4
ダビデ像,4
ダブステップ,4
タペストリー,4
ダムダム弾,4
タランチュラ,4
ダンガンロンパ,4
ダンスミュージック,4
チアシード,4
チート,4
チートイツ,4
チップチューン,4
チベットスナギツネ,4
チャート,4
チャレンジャー海淵,4
チャンステーマ,4
チャンネル登録,4
チョコチップ,4
チョモランマ,4
チョリソー,4
チョロQ,4
チリコンカン,4
ちんすこう,4
チンチロリン,4
ちんぷんかんぷん,4
ツアーバス,4
ツイキャス,4
ツーアウト,4
ツーシーム,4
ツタンカーメン,4
つっけんどん,4
つばぜり合い,4
つばめがえし,4
つば九郎,4
つゆだく,4
ツンデレ,4
ツンドラ,4
ティースプーン,4
ティーンエージャー,4
ティッシュ箱,4
デイドリーミング,4
デイトレード,4
ディフェンダー,4
デウスエクスマキナ,4
テーゼ,4
データマイニング,4
デオドラント,4
テクニシャン,4
テクノブレイク,4
でくのぼう,4
テクマクマヤコン,4
テスタメント,4
デストロイ,4
デストロイヤー,4
テスト期間,4
デスノート,4
デッサン人形,4
デッドフォール,4
デッドボール,4
デッドロック,4
テッポウエビ,4
デトックス,4
テナガザル,4
デニーズ,4
デビットカード,4
デミグラスソース,4
デミタスコーヒー,4
デモテープ,4
デロリアン,4
テンカウント,4
テンガロンハット,4
デンキナマズ,4
でんでん太鼓,4
ドアストッパー,4
トイザらス,4
トゥールビヨン,4
トゥルーマン・ショー,4
ドーナツ化現象,4
ドクターイエロー,4
ドクターペッパー,4
トップギア,4
トップシークレット,4
ドップラー効果,4
どてら,4
トマホーク,4
ドライアイ,4
ドラクロワ,4
ドラゴンフィッシュ,4
ドラム式洗濯機,4
トランシーバー,4
トランジット,4
トランスジェンダー,4
トランスフォーマー,4
トリアージ,4
トリックスター,4
トリビアの泉,4
トリビュート,4
トリリンガル,4
トルソー,4
トルティーヤ,4
ドルフィンキック,4
ドレッドノート,4
ドレッドヘア,4
ドレフュス事件,4
トロイア戦争,4
トロイカ,4
トロイの木馬,4
トロイメライ,4
ドンガラガッシャン,4
トントン拍子,4
どんぶり勘定,4
ナイアガラの滝,4
ナイスボール,4
ナイトキャップ,4
ナイルワニ,4
ナウマンゾウ,4
ナツメグ,4
ナトリウム,4
ナノマシン,4
ナポリピッツァ,4
ナメック星,4
なんくるないさ,4
ナンセンス,4
ナンプラー,4
ニーチェ,4
ニコチン,4
ニップレス,4
ニホンマムシ,4
ニューシングル,4
ニュートリノ,4
ニューバランス,4
にわか,4
ぬらりひょん,4
ネオン管,4
ネギトロ軍艦,4
ネギ坊主,4
ネクロノミコン,4
ネクロマンサー,4
ねこまんま,4
ネコヤナギ,4
ネズミ講,4
ネットサーフィン,4
ネットスーパー,4
ネットスラング,4
ネット漫画,4
ネトゲ,4
ネバーランド,4
ねぶた祭り,4
ねんねんころり,4
ノアの箱舟,4
ノイローゼ,4
ノーサイド,4
ノーヒットノーラン,4
ノープラン,4
ノーベル平和賞,4
のたうち回る,4
のり弁当,4
ノロウイルス,4
ノンブル,4
バーサーカー,4
パーソナル,4
パーツモデル,4
パーティーピーポー,4
バードウォッチング,4
ハードモード,4
ハードロック,4
ハーフアンドハーフ,4
パーマネント,4
バイアグラ,4
バイオディーゼル,4
ハイカットブーツ,4
ハイカルチャー,4
バイトリーダー,4
バイノーラル,4
ハイパーリンク,4
バイバイン,4
ハイビジョン,4
パイプライン,4
バイリンガル,4
パイロットキャップ,4
バウンティハンター,4
バオバブ,4
バカを見る,4
バカ殿,4
バキューム,4
バク転土下座,4
ハコフグ,4
はさみ将棋,4
バズーカ砲,4
バスケットシューズ,4
バスドラム,4
はだしのゲン,4
バタフライナイフ,4
バチカン市国,4
バック・トゥ・ザ・フューチャー,4
バックアタック,4
パックマン,4
ハッシュタグ,4
ハットトリック,4
ハッピーセット,4
バッファロー,4
ハデス,4
はてなブログ,4
ハテナブロック,4
パトリオット,4
バトルドーム,4
バトルロワイヤル,4
バドワイザー,4
バナナセーキ,4
バナナボート,4
パナマ文書,4
ハニートラップ,4
バブみ,4
パブリックアート,4
ハブ空港,4
パペットマペット,4
ハムレット,4
バラック,4
パラッパラッパー,4
ハラペーニョ,4
パラメータ,4
バラモン教,4
バランスシート,4
バランスボール,4
バリトン,4
バリ島,4
バルーンファイト,4
バルサミコ酢,4
ハルジオン,4
パルテノン神殿,4
ハレーション,4
ハレー彗星,4
ハローワーク,4
ハロゲン,4
バロンドール,4
パワーワード,4
ハワイアンズ,4
ハワイ旅行,4
パワハラ,4
パンチアウト,4
パンチングマシン,4
ハンチング帽,4
パンツ一丁,4
ハンドスピナー,4
バンドネオン,4
パンドラの箱,4
ハンドルさばき,4
ハンニバル,4
ハンプティダンプティ,4
ハンマープライス,4
ハンムラビ法典,4
ヒアルロン酸,4
ピースサイン,4
ピーナッツバター,4
ヒーローインタビュー,4
ビオトープ,4
ひきわり納豆,4
ビジネスモデル,4
ピストン運動,4
ピタゴラス,4
ピチカート,4
ピッキング行為,4
ビッグデータ,4
ビットコイン,4
ヒットポイント,4
ビットレート,4
ひと夏の恋,4
ヒヤリハット,4
ヒョウ柄,4
ヒラメ筋,4
ビラ配り,4
ピロートーク,4
ピロシキ,4
ピロリ菌,4
ピンクパンサー,4
ビンチョウマグロ,4
ファイトクラブ,4
ファイト一発,4
ファシスト,4
ファストパス,4
ファッションセンス,4
ファッション用語,4
ファブリーズ,4
ファンデーション,4
フィラメント,4
ブードゥー教,4
ブービー賞,4
ブーメラン発言,4
フェイクニュース,4
フェイクファー,4
フェーン現象,4
フェニックスの尾,4
フェミニスト,4
フォアボール,4
フォークリフト,4
フォークロア,4
フォーチュンクッキー,4
フォッサマグナ,4
フォント,4
ブザービート,4
ぶつかり稽古,4
フライヤー,4
フラガール,4
フラクタル,4
フラストレーション,4
ブラタモリ,4
ブラックカード,4
ブラックバス,4
ブラック企業,4
プラットフォーム,4
プラトニックラブ,4
フランシスコ・ザビエル,4
フランス革命,4
フランス語,4
フランス料理,4
フランダースの犬,4
プランテーション,4
ブランド小物,4
フリースタイルラップ,4
プリースト,4
フリースロー,4
フリーメイソン,4
フリーランス,4
フリー素材,4
フリクション,4
プリペイドカード,4
プリン体,4
ブルーインパルス,4
ブルースクリーン,4
ブルータス,4
ブルーライトカット眼鏡,4
ブルーレイレコーダー,4
ふるさと納税,4
ブルジョワジー,4
プルトニウム,4
プレイ動画,4
ブレグジット,4
プレデター,4
プレリュード,4
フローラル,4
ブログレスバー,4
プロシュート,4
プロトタイプ,4
プロパンガス,4
プロレタリア文学,4
ブロンド,4
ベイブレード,4
ペーパードライバー,4
ベクトル,4
ベタ塗り,4
ヘッジファンド,4
ヘッドギア,4
ヘッドショット,4
ペットショップ,4
ヘッドスパ,4
ヘッドセット,4
ベッドタウン,4
ベテルギウス,4
ベニテングダケ,4
へのへのもへじ,4
ペパーミント,4
ヘビースモーカー,4
ヘビイチゴ,4
ヘモグロビン,4
ヘリウムガス,4
ペリドット,4
ヘリポート,4
ベルサイユのばら,4
ベルモット,4
ペレストロイカ,4
ヘロイン,4
ペンタゴン,4
ペンタブレット,4
ベンチウォーマー,4
ベンチコート,4
ペン習字,4
ベン図,4
ペン入れ,4
ボイトレ,4
ポイントカード,4
ホウキ雲,4
ポートフォリオ,4
ポートフォリオ,4
ホーホケキョ,4
ホームアローン,4
ホームボタン,4
ホームランボール,4
ポーランド分割,4
ホーロー看板,4
ボクっ娘,4
ボケ防止,4
ホストファミリー,4
ポストモダン,4
ポセイドン,4
ポッキーゲーム,4
ポッキーの日,4
ホットライン,4
ぼっとん便所,4
ポップアート,4
ポップ体,4
ボツリヌス菌,4
ボディ・サスペンション,4
ボディ・ペインティング,4
ボディータッチ,4
ボディコン,4
ボディコンバット,4
ホトトギス,4
ボブ・ディラン,4
ボリウッド,4
ポリエチレン,4
ポリコレ,4
ポリプロピレン,4
ボルケーノ,4
ボルボックス,4
ホルムアルデヒド,4
ボロ雑巾,4
ポン・デ・リング,4
ボンタンアメ,4
ポンデケージョ,4
ポンデリング,4
ボンバーヘッド,4
ボンバーマン,4
マーガレット,4
マーケティング,4
マイクリレー,4
マイケル・ジャクソン,4
マイコプラズマ,4
マイティ・ソー,4
マイナーリーグ,4
マイリスト,4
マイルストーン,4
マインクラフト,4
マインスイーパー,4
マウンテンゴリラ,4
マエストロ,4
まがい物,4
マグショット,4
マクベス,4
マザーボード,4
マザコン,4
マジックカット,4
マジックミラー,4
マジックミラー号,4
マシンガントーク,4
マジ卍,4
マスケット銃,4
マスターキー,4
マスターピース,4
マスターベーション,4
マッドマックス,4
マリンスノー,4
マルボロ,4
マンガ大賞,4
マンチカン,4
マントル,4
マンドレイク,4
ミカヅキモ,4
ミケランジェロ,4
ミステリーサークル,4
ミスリード,4
ミソジニー,4
ミモザサラダ,4
ミヤマクワガタ,4
ミュータント,4
ムー大陸,4
ムシキング,4
ムンクの叫び,4
メイド服,4
メイリオ,4
メートル原器,4
メゾネット,4
メゾピアノ,4
メソポタミア文明,4
メタモルフォーゼ,4
メタモルフォーゼ,4
めった刺し,4
メディアアート,4
メヌエット,4
メモリーカード,4
メラゾーマ,4
メリー・ポピンズ,4
メリーさん,4
メリケン粉,4
メルカリ,4
メルセデス・ベンツ,4
メルヘンチック,4
メンソレータム,4
メンタリスト,4
モーションキャプチャー,4
モーショングラフィックス,4
モータリゼーション,4
モーツァルト,4
モスコミュール,4
モッツァレラチーズ,4
モデリング,4
モデルガン,4
モノカルチャー,4
モヒカン刈り,4
もみじ饅頭,4
モルタル,4
モンゴル帝国,4
モンシロチョウ,4
モンドセレクション,4
モンブランケーキ,4
ヤクザ映画,4
ヤタガラス,4
ヤドリギ,4
ヤハウェ,4
やぶ医者,4
ヤマカガシ,4
ヤマブドウ,4
やりがい搾取,4
やりこみ要素,4
やるかやられるか,4
ユークリッド幾何学,4
ユーフォニアム,4
ゆきまつり,4
ユニコード,4
ゆめにっき,4
ユリ・ゲラー,4
よーいドン,4
ヨーグリーナ,4
ヨシキリザメ,4
ヨハネス・ケプラー,4
ラーメンズ,4
ラーメンマン,4
ラーメン二郎,4
ライザップ,4
ライフガード,4
ライラック,4
ラクトアイス,4
ラッキーパーソン,4
ラッキーパンチ,4
ラッキーマン,4
ラッピング車両,4
ラピスラズリ,4
ラピュタ,4
ラブアンドピース,4
ラブホテル,4
ラブライブ,4
ラリアット,4
ランサムウェア,4
ランドスケープ,4
ランナーズハイ,4
ランニングハイ,4
ランボルギーニ,4
リアス式海岸,4
リアル脱出ゲーム,4
リーガルハイ,4
リーサル・ウェポン,4
リーマンショック,4
リヴァイアサン,4
リストカット,4
リタルダント,4
リトルトーキョー,4
リビドー,4
リマインド,4
リラックマ,4
リンカーネイション,4
りんかい線,4
リングネーム,4
ルイヴィトン,4
ルーチンワーク,4
ルサンチマン,4
レイシスト,4
レイトン教授,4
レーザー銃,4
レーダーチャート,4
レオナルド・ダ・ビンチ,4
レコンキスタ,4
レジュメ,4
レターパック,4
レッドブル,4
レディー・ガガ,4
レディファースト,4
レディメイド,4
レトリック,4
レモン牛乳,4
ローカルタレント,4
ローカルマナー,4
ローカル線,4
ローション,4
ロードサイド,4
ロードマップ,4
ローマ神話,4
ローマ人,4
ログイン,4
ログインボーナス,4
ロクシタン,4
ろくろ,4
ロケットランチャー,4
ロシアンルーレット,4
ロゼワイン,4
ロッキー山脈,4
ロデオマシーン,4
ロリータファッション,4
ロリポップ,4
ワーカホリック,4
ワードセンス,4
ワードローブ,4
ワイバーン,4
ワイルドターキー,4
ワシントン条約,4
わだかまり,4
ワニ口クリップ,4
ワブルベース,4
ワンカップ焼酎,4
亜鉛,4
阿修羅像,4
愛のムチ,4
愛の告白,4
愛国心,4
愛妻家,4
逢魔が時,4
悪い女,4
悪しき風習,4
悪玉菌,4
悪代官,4
悪魔のキス,4
悪魔の実,4
悪魔の囁き,4
悪魔狩り,4
悪魔崇拝,4
安楽死,4
安月給,4
安山岩,4
安産祈願,4
安全神話,4
安全装置,4
安土城,4
安眠枕,4
暗黒星雲,4
暗殺教室,4
暗黙のルール,4
暗黙の了解,4
闇金業者,4
闇社会,4
伊勢物語,4
伊能忠敬,4
威風堂々,4
意趣返し,4
異種格闘技戦,4
異臭騒ぎ,4
異常震域,4
異世界転生,4
異端審問,4
異文化交流,4
異文化理解,4
異邦人,4
胃潰瘍,4
遺体安置所,4
遺伝子操作,4
遺伝病,4
医療事故,4
一休宗純,4
一見さん,4
一向一揆,4
一酸化炭素,4
一子相伝,4
一丁目,4
一点突破,4
一等星,4
一等兵,4
一盃口,4
一反木綿,4
一般化,4
一本背負い,4
一目散,4
稲光,4
引き出物,4
引退セレモニー,4
陰謀論,4
陰陽師,4
陰陽道,4
隠し子,4
隠し包丁,4
宇宙規模,4
宇宙探査機,4
宇宙飛行,4
宇宙遊泳,4
雨傘番組,4
運賃表示器,4
運動神経,4
運命の輪,4
運命共同体,4
雲散霧消,4
雲泥の差,4
営業時間,4
営業妨害,4
影法師,4
永遠の十七歳,4
永久脱毛,4
永久凍土,4
永久不滅,4
液体燃料,4
駅前留学,4
越えられない壁,4
円形脱毛症,4
延滞料金,4
延長コード,4
延長線上,4
延命治療,4
演奏記号,4
炎上マーケティング,4
炎上商法,4
猿でもわかる,4
猿真似,4
遠隔操作,4
遠近両用レンズ,4
遠洋漁業,4
塩化水素,4
塩昆布,4
塩対応,4
奥の細道,4
押しくら饅頭,4
押しボタン式信号機,4
横文字,4
横恋慕,4
王の財宝,4
王位継承,4
王政復古,4
王貞治,4
黄金律,4
黄昏,4
臆病者,4
桶狭間の戦い,4
温暖ガス,4
音楽不況,4
音楽療法,4
音信不通,4
音漏れ,4
下弦の月,4
下克上,4
下方置換法,4
化学変化,4
仮想空間,4
仮装大賞,4
仮面浪人,4
可視光線,4
嘉門達夫,4
夏の風物詩,4
家庭裁判所,4
歌舞伎十八番,4
歌舞伎町,4
火あぶり,4
火の輪くぐり,4
火炎瓶,4
火災警報,4
火山灰,4
火山岩,4
火山列島,4
火事場のバカ力,4
火垂るの墓,4
花魁,4
花盛り,4
華厳の滝,4
貨幣経済,4
過去の栄光,4
臥薪嘗胆,4
解体ショー,4
解脱,4
解剖学,4
回復魔法,4
壊死,4
快楽殺人,4
怪人二十面相,4
怪談話,4
怪文書,4
懐古趣味,4
改造車,4
海の幸,4
海猿,4
海賊王,4
海坊主,4
皆既月食,4
皆既日食,4
皆勤賞,4
芥川賞,4
芥川龍之介,4
階級闘争,4
階段ダッシュ,4
外骨格,4
外道,4
外堀を埋める,4
害虫駆除,4
街宣車,4
鎧戸,4
拡散希望,4
格好の餌食,4
核シェルター,4
核開発,4
核弾頭,4
核燃料,4
核爆弾,4
核分裂,4
核兵器,4
確証バイアス,4
確信犯,4
覚醒剤,4
隔離病棟,4
革命軍,4
学会発表,4
学説,4
活性炭,4
活版印刷,4
葛根湯,4
株主,4
釜茹で,4
噛ませ犬,4
乾坤一擲,4
乾布摩擦,4
冠位十二階,4
冠番組,4
寒中見舞い,4
勧進帳,4
完全勝利,4
完全食,4
完全燃焼,4
官公庁,4
官能小説,4
官僚制,4
感覚器,4
感情バイアス,4
感動のフィナーレ,4
慣性の法則,4
敢闘賞,4
看護学校,4
管理栄養士,4
肝っ玉母さん,4
観音開き,4
観音菩薩,4
還付金,4
還付金詐欺,4
鑑識,4
間違いだらけ,4
間欠泉,4
間氷期,4
関ヶ原の戦い,4
含有量,4
巌流島,4
眼科,4
眼精疲労,4
贋作,4
頑張らない,4
顔認証,4
顔面蒼白,4
顔面偏差値,4
企業城下町,4
危険ドラッグ,4
危険信号,4
危険地帯,4
器用貧乏,4
基礎化粧品,4
基礎知識,4
奇っ怪,4
奇縁,4
奇病,4
期末考査,4
機械じかけ,4
機械学習,4
機動隊,4
機能的,4
機密事項,4
帰宅困難,4
帰宅難民,4
気の持ちよう,4
気を鎮める,4
季節風,4
規格外,4
起訴,4
起爆剤,4
飢餓,4
鬼の目にも涙,4
鬼嫁,4
鬼瓦,4
鬼教官,4
犠牲,4
犠牲バント,4
犠牲フライ,4
疑似相関,4
客寄せパンダ,4
客死,4
虐殺,4
逆さ吊り,4
逆さ富士,4
逆探知,4
逆探知機能,4
逆転の発想,4
宮廷儀式,4
急性アルコール中毒,4
救急医療,4
救急搬送,4
求愛行動,4
泣く子も黙る,4
給油口,4
給料泥棒,4
牛ハラミ,4
巨大都市,4
虚偽報道,4
虚構新聞,4
虚心坦壊,4
虚無僧,4
魚の目,4
京都御所,4
京野菜,4
共依存,4
共感覚,4
共洗い,4
共同正犯,4
共謀罪,4
強化ガラス,4
強化学習,4
強化合宿,4
強行突破,4
強制収容所,4
強制連行,4
教員免許,4
教職課程,4
狂おしいほど好き,4
狂気の沙汰,4
狂犬病,4
狭心症,4
郷土料理,4
驚天動地,4
暁,4
業火,4
業務連絡,4
局所麻酔,4
極楽浄土,4
極真空手,4
玉音放送,4
玉石混交,4
禁煙外来,4
禁酒法,4
禁断症状,4
筋弛緩剤,4
緊急連絡先,4
近郊農業,4
近視眼,4
金のなる木,4
金の延べ棒,4
金の卵,4
金閣寺,4
金環日食,4
金剛力士像,4
金糸卵,4
金字塔,4
金色夜叉,4
金融政策,4
吟遊詩人,4
銀河鉄道,4
銀行強盗,4
九官鳥,4
九十九神,4
九龍城,4
区間賞,4
苦学生,4
愚の骨頂,4
愚者,4
空き巣狙い,4
空メール,4
空気感染,4
空気砲,4
空襲警報,4
空集合,4
空中散歩,4
空洞化,4
空理空論,4
君が代,4
君の声,4
君主論,4
群生,4
群雄割拠,4
軍艦島,4
軍師官兵衛,4
軍事政権,4
軍需産業,4
軍人将棋,4
軍隊アリ,4
軍用犬,4
軍用車,4
軍用車両,4
傾国の美女,4
刑事訴訟法,4
契約結婚,4
契約社員,4
形而上学,4
桂馬の高飛び歩の餌食,4
繋がらない,4
茎わかめ,4
警察沙汰,4
警察手帳,4
警視総監,4
警視庁,4
軽巡洋艦,4
軽犯罪,4
軽犯罪法,4
軽佻浮薄,4
迎賓館,4
欠陥品,4
決め顔,4
穴あきブロック,4
穴あけパンチ,4
結婚願望,4
結婚生活,4
結婚前夜,4
結晶構造,4
血みどろ,4
血小板,4
血糖値,4
血友病,4
月見団子,4
月食,4
倦怠期,4
健康器具,4
健康寿命,4
健常者,4
捲土重来,4
検索妨害,4
検死官,4
献血ルーム,4
肩甲骨,4
見える化,4
見て見ぬ振り,4
見切り発車,4
見返り美人,4
賢者タイム,4
鍵盤楽器,4
元ネタ,4
元気玉,4
原子番号,4
原子力艦,4
原子力空母,4
原点回帰,4
原動力,4
幻覚剤,4
幻想曲,4
減点対象,4
源氏物語,4
現行犯逮捕,4
現実逃避,4
言わせんな恥ずかしい,4
言わぬが花,4
言語学,4
言語障害,4
言文一致,4
言葉狩り,4
個人情報保護法,4
固形燃料,4
姑息な手段,4
孤軍奮闘,4
狐につままれる,4
狐の嫁入り,4
胡蝶の夢,4
誇大広告,4
五重塔,4
五人囃子,4
五輪書,4
後の祭り,4
後は野となれ山となれ,4
後出しジャンケン,4
御恩と奉公,4
御家流,4
御三家,4
御曹司,4
御来光,4
語り草,4
誤爆,4
誤報,4
交通量調査,4
光ファイバー,4
光陰矢の如し,4
光化学スモッグ,4
光源氏,4
公開処刑,4
公共の場,4
公共交通機関,4
公共広告機構,4
公私混同,4
公式が病気,4
公民権運動,4
厚化粧,4
厚顔無恥,4
口だけ番長,4
口述筆記,4
口頭弁論,4
口八丁,4
向精神薬,4
好奇心旺盛,4
広告収入,4
広告代理店,4
攻撃魔法,4
攻略法,4
甲子園球場,4
甲状腺,4
皇族,4
硬式野球,4
硬質ガラス,4
考古学,4
考古学者,4
航海路,4
航空戦艦,4
航空母艦,4
行政書士,4
行方知れず,4
降誕祭,4
香港,4
香港映画,4
高みの見物,4
高圧電流,4
高級マンション,4
高橋名人,4
高校数学,4
高尾山,4
合格証書,4
合法ハーブ,4
合理主義,4
拷問,4
拷問器具,4
豪華絢爛,4
国税庁,4
国民的アイドル,4
国立大学,4
黒鉛,4
黒船,4
黒魔術,4
腰巾着,4
骨粗鬆症,4
骨伝導,4
今北産業,4
根性焼き,4
痕跡器官,4
左前,4
砂糖醤油,4
砂漠気候,4
座席表,4
座布団の舞,4
最果ての孤島,4
最果ての地,4
最後の晩餐,4
最高の夏,4
最高裁判所,4
最終奥義,4
最終処分場,4
最初で最後,4
最小公約数,4
塞翁が馬,4
細かすぎて伝わらないモノマネ,4
細胞膜,4
菜食主義者,4
在庫一掃セール,4
桜田門外の変,4
桜島,4
匙を投げる,4
撮って出し,4
撮り鉄,4
殺し合う,4
殺気立った目,4
殺処分,4
殺人級,4
殺人犯,4
殺人予告,4
殺戮衝動,4
雑魚寝,4
雑草魂,4
三位一体,4
三浦大根,4
三角チョコパイ,4
三角関数,4
三角筋,4
三球三振,4
三々五々,4
三次関数,4
三者面談,4
三千世界,4
三段論法,4
三日月湖,4
三杯酢,4
三白眼,4
三白眼,4
三半規管,4
三部会,4
三文芝居,4
三本柱,4
三隣亡,4
三塁打,4
三連符,4
参考文献,4
山岳信仰,4
山水画,4
山水画,4
山頂の景色,4
散弾銃,4
産婦人科,4
賛成票多数,4
酸性雨,4
斬り捨て御免,4
斬首,4
斬鉄剣,4
残り物には福がある,4
刺身包丁,4
司法解剖,4
四の字固め,4
四次元ポケット,4
四書五経,4
四番バッター,4
四万十川,4
四面楚歌,4
四輪駆動,4
士農工商,4
始皇帝,4
姉妹都市,4
子会社,4
師弟関係,4
思考停止,4
指数関数,4
死刑執行人,4
死後硬直,4
死生観,4
氏姓制度,4
私有財産制度,4
私有地,4
紫式部,4
脂肪吸引,4
至れり尽くせり,4
試験監督,4
試験管,4
資金洗浄,4
資本金,4
資本主義,4
歯槽膿漏,4
事後報告,4
事実婚,4
事情聴取,4
時価総額,4
時間外労働,4
時既に遅し,4
時期尚早,4
時効,4
滋養強壮,4
自意識過剰,4
自警団,4
自己PR,4
自己啓発,4
自己啓発本,4
自己顕示欲,4
自己言及,4
自己実現,4
自己陶酔,4
自主行動,4
自信過剰,4
自然の掟,4
自然言語,4
自然薯,4
自動運転車,4
自動操縦,4
自縄自縛,4
自閉症,4
自由意志,4
自由競争,4
自由落下,4
七つの海,4
七つの大罪,4
七つ道具,4
七三分け,4
執行猶予,4
失語症,4
漆喰,4
疾風怒濤,4
写輪眼,4
射程圏内,4
煮凝り,4
社員証,4
社会学,4
社会学者,4
社会不適合者,4
社会保障費,4
車内販売,4
釈迦に説法,4
錫杖,4
若気の至り,4
若旦那,4
弱酸性,4
手ごねハンバーグ,4
手加減無用,4
手旗信号,4
手乗りインコ,4
手前味噌,4
手刀,4
手榴弾,4
朱鷺,4
朱子学,4
狩猟免許,4
酒気帯び運転,4
酒税法,4
修験道,4
秋なすび,4
終末論,4
週明け月曜日,4
集団自決,4
集中治療室,4
住民運動,4
住民投票,4
十二進法,4
十把一絡げ,4
十八番,4
十六茶,4
柔よく剛を制す,4
重機関銃,4
重巡洋艦,4
重装歩兵,4
重大発表,4
銃規制,4
銃剣道,4
銃社会,4
銃刀法違反,4
出世魚,4
出版不況,4
循環論法,4
署名運動,4
書き入れ時,4
諸葛亮,4
諸葛亮孔明,4
諸説あり,4
女性ホルモン,4
女性恐怖症,4
除菌消臭スプレー,4
傷害罪,4
召喚魔法,4
召集令状,4
商品作物,4
小京都,4
小倉トースト,4
少年A,4
少年法,4
床暖房,4
昇り龍,4
昭和モダン,4
消しゴム付き鉛筆,4
消印有効,4
消化酵素,4
消化不良,4
消灯ラッパ,4
消毒用エタノール,4
消波ブロック,4
消費者庁,4
焼き土下座,4
焼却炉,4
焼身自殺,4
焦点,4
焦点距離,4
笑う門には福来る,4
証拠映像,4
証拠不十分,4
証人喚問,4
賞味期限切れ,4
上意下達,4
上白糖,4
上方置換法,4
上毛かるた,4
上腕二頭筋,4
場外ホームラン,4
常習犯,4
常備薬,4
情緒不安定,4
情操教育,4
情報格差,4
情報弱者,4
情報操作,4
情報量が多い,4
情報漏えい,4
条件反射,4
浄土真宗,4
醸造アルコール,4
職業病,4
色眼鏡,4
色即是空,4
色欲,4
色落ちジーンズ,4
食いしん坊バンザイ,4
食品サンプル,4
食糧難,4
尻軽,4
信玄餅,4
信号無視,4
信託銀行,4
信任投票,4
信憑性,4
寝ころび湯,4
寝る子は育つ,4
心を無にする,4
心臓の音,4
心臓の鼓動,4
心臓破り,4
心臓病,4
心理学,4
振る舞い酒,4
新興宗教,4
新参者,4
森林限界,4
真鍮,4
神の裁き,4
神の領域,4
神は死んだ,4
神通力,4
神武天皇,4
身から出た錆,4
人間失格,4
人工言語,4
人工呼吸,4
人工水晶,4
人面魚,4
人面疽,4
仁義なき戦い,4
陣取りゲーム,4
陣内智則,4
垂涎の的,4
水掛け論,4
水銀灯,4
水素爆弾,4
水道橋,4
水陸両用車,4
制御不能,4
勢力図,4
性悪説,4
性感帯,4
性教育,4
性犯罪,4
成長戦略,4
成文法,4
政治献金,4
政治思想,4
星のカービィ,4
正体不明,4
生き写し,4
生前葬,4
生存競争,4
生存本能,4
生体認証,4
生誕祭,4
精神科,4
精神修行,4
精進料理,4
精霊流し,4
聖子ちゃんカット,4
製鉄所,4
西洋医学,4
青酸カリ,4
青色発光ダイオード,4
静脈注射,4
石英,4
石垣島,4
積分法,4
脊髄反射,4
赤ん坊抱っこ,4
赤鉄鉱,4
折りたたみ傘,4
折込チラシ,4
絶対領域,4
舌切雀,4
先行研究,4
千円カット,4
千鳥格子,4
千鳥足,4
千枚通し,4
専門用語,4
戦艦大和,4
戦後混乱期,4
戦後復興,4
戦闘不能,4
戦闘民族,4
戦力外通告,4
潜水泳法,4
前傾姿勢,4
前途洋々,4
前頭前野,4
善と悪,4
全校生徒,4
全力投球,4
狙撃銃,4
租庸調,4
爽健美茶,4
想像妊娠,4
想定の範囲内,4
巣ごもり卵,4
相席屋,4
相対性理論,4
相田みつを,4
草津温泉,4
草野球,4
装飾音,4
憎まれっ子,4
臓器移植,4
造山運動,4
側頭葉,4
卒業証書,4
尊厳死,4
損害保険,4
太陽光発電,4
打ちこわし,4
打ち出の小槌,4
堆積岩,4
対岸の火事,4
対空砲,4
対人恐怖症,4
耐震偽装,4
耐震強度,4
耐用年数,4
帯ドラマ,4
待ち合わせ場所,4
待機電力,4
代理戦争,4
台風一過,4
大ナマズ,4
大化の改新,4
大外刈り,4
大気圧,4
大鏡,4
大型バス,4
大政翼賛会,4
大動脈,4
大脳皮質,4
大文字焼き,4
大麻,4
大名行列,4
大陸棚,4
大和撫子,4
第六感,4
脱衣麻雀,4
脱線事故,4
脱法ドラッグ,4
脱法ハーブ,4
脱毛症,4
単子葉類,4
単刀直入,4
弾丸列車,4
弾道ミサイル,4
弾幕,4
断末魔,4
知育玩具,4
地域猫,4
地獄の門,4
地獄旅行,4
地震雲,4
地震列島,4
地盤沈下,4
痴話喧嘩,4
蜘蛛の糸,4
竹取の翁,4
蓄膿症,4
窒息死,4
茶飲み友達,4
中の上,4
中央線,4
中国産,4
中心市街地,4
中性脂肪,4
中毒者,4
昼顔,4
猪鹿蝶,4
猪八戒,4
丁半博打,4
弔いの歌,4
徴兵制度,4
懲戒処分,4
懲戒免職,4
朝バナナダイエット,4
朝マック,4
超合金,4
超新星,4
長いものには巻かれろ,4
長靴をはいた猫,4
鳥獣戯画,4
直下型地震,4
珍獣ハンター,4
椎間板,4
追い越し車線,4
痛車,4
痛風,4
通り魔,4
吊り天井,4
低温やけど,4
低空飛行,4
帝王切開,4
抵抗権,4
釘バット,4
敵性語,4
敵前逃亡,4
敵前逃亡兵,4
敵対勢力,4
鉄拳制裁,4
鉄鉱石,4
鉄道橋,4
鉄板ネタ,4
鉄腕アトム,4
天衣無縫,4
天下一武道会,4
天声人語,4
天然樹脂,4
天津飯,4
天動説,4
天秤棒,4
電気グルーヴ,4
電気自動車,4
電気抵抗,4
電気風呂,4
電子ジャーナル,4
電子工作,4
電磁シールド,4
電磁誘導,4
電動スクーター,4
電動チェーンソー,4
電動歯ブラシ,4
電動二輪車,4
電波ジャック,4
電波障害,4
登山鉄道,4
度量衡,4
土左衛門,4
土曜授業,4
奴隷商人,4
党首討論,4
冬の大三角形,4
冬将軍,4
冬戦争,4
冬虫夏草,4
唐変木,4
投資信託,4
東海オンエア,4
東京ゲームショウ,4
東京大空襲,4
東京都庁,4
東北訛り,4
灯籠流し,4
糖蜜,4
豆腐メンタル,4
頭皮マッサージ,4
闘争本能,4
動的平衡,4
動脈硬化,4
同じ穴のむじな,4
同時多発,4
同族嫌悪,4
道頓堀,4
独占インタビュー,4
独占禁止法,4
独壇場,4
独立戦争,4
凸面鏡,4
豚の餌,4
豚箱,4
奈落の底,4
内燃機関,4
南北問題,4
南無阿弥陀,4
軟式野球,4
難民キャンプ,4
二元論,4
二酸化マンガン,4
二次関数,4
二重らせん,4
二足のわらじ,4
二等兵,4
二盃口,4
肉食系女子,4
日めくりカレンダー,4
日焼け跡,4
日当たり良好,4
日本銀行券,4
日本国憲法,4
日本侵略,4
日本人学校,4
日本舞踊,4
忍者村,4
猫の額,4
猫騙し,4
熱さまシート,4
熱伝導,4
熱容量,4
年齢詐称,4
燃焼熱,4
脳科学,4
波動拳,4
波動砲,4
波浪警報,4
破壊衝動,4
廃棄弁当,4
背面飛び,4
売れっ子子役,4
萩の月,4
博多人形,4
白血病,4
白骨化,4
白紙のページ,4
白鳥の湖,4
白兵戦,4
薄い本,4
薄利多売,4
迫真の演技,4
爆上がり,4
爆弾処理,4
爆弾低気圧,4
爆破スイッチ,4
爆破テロ,4
箱入り娘,4
八つ裂きの刑,4
八面六臂,4
発煙筒,4
抜き打ちテスト,4
抜刀術,4
鳩サブレ,4
半チャーハン,4
反応熱,4
反骨精神,4
反実仮想,4
反戦歌,4
犯行予告,4
犯人探し,4
番傘,4
彼岸花,4
比叡山,4
皮下脂肪,4
皮膚科,4
秘密警察,4
秘密結社,4
肥後もっこす,4
誹謗中傷,4
避難経路,4
避難命令,4
非リア充,4
非常勤講師,4
非常電話,4
飛び出す絵本,4
鼻ピアス,4
膝小僧,4
百万馬力,4
標本調査,4
氷山の一角,4
病院食,4
敏感肌,4
不快指数,4
不完全燃焼,4
不正乗車,4
不正選挙,4
不戦条約,4
不動明王,4
不能犯,4
不法就労,4
不名誉除隊,4
不慮の事故,4
不良番長,4
不倫騒動,4
不労所得,4
付和雷同,4
富栄養化,4
富国強兵,4
富本銭,4
布団圧縮袋,4
怖い話,4
扶養控除,4
普通選挙,4
浮雲,4
武器商人,4
武士の恥,4
部分集合,4
封印されしエクゾディア,4
封建制度,4
風刺漫画,4
風前の灯,4
風来坊,4
風力発電,4
服部半蔵,4
福音書,4
腹ごしらえ,4
複眼,4
複雑骨折,4
覆面パトカー,4
覆面レスラー,4
仏の顔も三度まで,4
仏道修行,4
物の怪,4
物乞い,4
分水嶺,4
文化勲章,4
文机,4
文春砲,4
文部科学省,4
平身低頭,4
平和運動,4
平和祈念像,4
米軍,4
米寿,4
偏向報道,4
変電所,4
便座カバー,4
便乗商法,4
保安官,4
保護観察,4
歩きスマホ,4
歩きタバコ,4
補集合,4
募金活動,4
母子健康手帳,4
母子手帳,4
報道の自由,4
報復人事,4
放送コード,4
放浪記,4
法治国家,4
法服,4
泡沫候補,4
萌え擬人化,4
訪問販売,4
豊胸手術,4
飽くなき挑戦,4
暴れん坊将軍,4
暴走機関車,4
貿易風,4
防弾ガラス,4
防弾チョッキ,4
防風林,4
北の大地,4
北京原人,4
北方領土,4
没交渉,4
没落貴族,4
本歌取り,4
本当の愛,4
本塁打,4
摩擦係数,4
魔境,4
魔女裁判,4
魔法のランプ,4
魔法の杖,4
魔法学校,4
魔法少女,4
魔法陣,4
魔法石,4
幕張メッセ,4
幕末,4
枕営業,4
末期症状,4
万国博覧会,4
万葉仮名,4
万里の長城,4
満腹中枢,4
未確認生物,4
未確認飛行物体,4
未来予想図,4
密造酒,4
密売人,4
民事訴訟,4
民宿,4
民族紛争,4
眠眠打破,4
夢のまた夢,4
夢日記,4
無の境地,4
無機化学,4
無償の愛,4
無常観,4
無人島生活,4
無性生殖,4
無線LAN,4
無銭飲食,4
無遅刻無欠席,4
無毒化,4
無反動砲,4
無理心中,4
無理問答,4
冥王星,4
名曲喫茶,4
名無しの権兵衛,4
名誉教授,4
名誉毀損,4
明けの明星,4
明細書,4
明朝体,4
明日は我が身,4
鳴かぬ蛍が身を焦がす,4
鳴り止まない,4
鳴り物入り,4
網走刑務所,4
木工用ボンド,4
木目調,4
目黒のさんま,4
夜デート,4
夜間営業,4
夜盲症,4
弥の明後日,4
弥勒菩薩,4
薬物依存,4
薬物乱用,4
薬理学,4
愉快犯,4
有機化学,4
有機物,4
有機溶剤,4
有象無象,4
有毒ガス,4
有望株,4
誘拐犯,4
誘導尋問,4
遊牧国家,4
郵便馬車,4
予選落ち,4
余裕のよっちゃん,4
余裕の表情,4
幼顔,4
幼子,4
用心棒,4
羊飼い,4
葉緑体,4
要石,4
陽イオン,4
陽炎,4
養鶏場,4
養豚場,4
養老の滝,4
浴衣デート,4
羅針盤,4
羅生門,4
螺旋階段,4
落ちものパズル,4
乱反射,4
利回り,4
理科年表,4
理論値,4
離婚弁護士,4
立つ鳥跡を濁さず,4
立毛筋,4
流鏑馬,4
流動食,4
流動性,4
流浪の民,4
琉球舞踊,4
竜馬がゆく,4
旅カラス,4
料理のさしすせそ,4
猟銃,4
良い知らせと悪い知らせ,4
良心の呵責,4
量より質,4
領土問題,4
緑黄色野菜,4
倫理学,4
臨界点,4
臨床心理士,4
輪島塗,4
瑠璃色,4
冷凍みかん,4
礼儀作法,4
零細企業,4
零戦,4
霊長目,4
霊能者,4
劣化ウラン弾,4
連結器,4
連鎖反応,4
連続テレビ小説,4
連続殺人事件,4
連続殺人犯,4
連帯保証人,4
路頭に迷う,4
路傍の石,4
露出狂,4
労働基準法,4
老老介護,4
六法全書,4
和楽器バンド,4
和三盆,4
和綴じ,4
偕老同穴,4
傲岸不遜,4
卍固め,4
屁の河童,4
屏風の虎,4
巫女装束,4
弩級戦艦,4
惡の華,4
棍棒外交,4
涅槃,4
濾過器,4
炒り卵,4
琺瑯,4
磔,4
緞帳,4
腱鞘炎,4
藪の中,4
贖宥状,4
蹲踞,4
蹲踞,4
躁鬱病,4
頸動脈,4
魑魅魍魎,4
4分33秒,5
52Hzのクジラ,5
731部隊,5
BOXガチャ,5
GZK限界,5
JISコード,5
MDPV,5
PCR法,5
The dress,5
UVB-76,5
アーキビスト,5
アーグルトン,5
アール・ヌーヴォー,5
アイアンメイデン,5
アイオロスの球,5
アイリスアウト,5
アインシュタイン=シラードの手紙,5
アインシュタインの十字架,5
アインシュタイン-ローゼン橋,5
アウフヘーベン,5
アキレウスの盾,5
アクアテラリウム,5
アクロニム,5
アコースティック・キティー,5
アサフェティダ,5
アスクレピオスの杖,5
アセクシュアル,5
アセトアミノフェン,5
アダム・ライナー,5
アタラクシア,5
アドボカシー,5
アナタハンの女王事件,5
アヌンナキ,5
アネクメーネ,5
アノマロカリス,5
アパテイア,5
アファンタジア,5
アフォーダンス,5
アプトの道,5
アペガの像,5
アポロニウスの円,5
アラゴーの円板,5
アリアドネの糸,5
アリストテレスの提灯,5
アルキメデスの牛の問題,5
アルバート坊やの条件づけ実験,5
アレロパシー,5
アロー戦争,5
アロマンティック,5
アンクレット,5
アントニム,5
アンドレアス・グルスキー,5
アンビリカルタワー,5
イエス・キリストの墓,5
イェニチェリ,5
イカロスの翼,5
イゴーロナク,5
イシャンゴの骨,5
イデア論,5
イラクのお尋ね者トランプカード,5
インドラの矢,5
インド人を右に,5
インナーゲーム,5
インポスター症候群,5
ヴァン・ダインの二十則,5
ウィグナーの友人,5
ウィツィロポチトリの予言鷲,5
ウィルソンの霧箱,5
ウィンチェスター・ミステリー・ハウス,5
ウェザーフィッシュ,5
ウェルカムボーナス,5
ウェルテル効果,5
ヴォイテク,5
ヴォイニッチ手稿,5
ウォードの箱,5
ウバイド文化,5
ウラカン・ラナ,5
ウラムの螺旋,5
ウルグアイの女帝,5
ウロボロスの輪,5
エイジ・ヒーピング,5
エイムズの部屋,5
エヴェレットの多世界解釈,5
エーテル,5
エクストリーム・アイロニング,5
エクメーネ,5
エコーチェンバー,5
エッジワースの箱,5
エッダ,5
エディントンのイプシロン,5
エデンの園,5
エビングハウスの忘却曲線,5
エポニム,5
エマヌエルの剣,5
エミュー戦争,5
エラトステネスの篩,5
エラトステネスの篩,5
エリュマントスの猪,5
エルサゲート,5
エレウシスの秘儀,5
オウムアムア,5
オートポイエーシス,5
オープン・クエスチョン,5
オールトの雲,5
オキシジェン・デストロイヤー,5
オクシモロン,5
オッカムの剃刀,5
オヌクールの金槌,5
オランダの涙,5
オリエントスズメバチ,5
オリオン腕,5
オルフィレウスの自動輪,5
オルフェウスの竪琴,5
オロンテウス・フィナエウスの地図,5
オンディーヌの呪い,5
カーラーの救命曲線,5
ガイア理論,5
ガウリサンカール,5
カストリ雑誌,5
カスパー・ハウザー,5
カタトゥンボの雷,5
カタリナの車輪,5
カッシーニの間隙,5
カドゥケウスの杖,5
カニッツァの三角形,5
カノッサの屈辱,5
かばん語,5
カプグラ症候群,5
ガフの部屋,5
ガブリエルのラッパ,5
カルネアデスの板,5
カルネアデスの板,5
カントールの塵,5
きさらぎ駅,5
キチンの波,5
キャトルミューティレーション,5
キャビテーション,5
ギャラルホルン,5
ギャレー,5
キャロル・ディアリング号,5
ギュゲースの指輪,5
キュビット,5
ギュンター・ギヨーム,5
ギリシア火薬,5
キルリアン写真,5
クァチル・ウタウス,5
グイードの手,5
クーポンコレクター問題,5
ククルカンの降臨,5
クサンティッペ,5
クズネッツの波,5
グノーシス主義,5
クラインの壺,5
グラフェン,5
グラブジャムン,5
グリフィスの傷,5
クリフハンガー,5
グリモワール,5
クルスキーの手形,5
クレプトマニア,5
クレムリノロジー,5
クローズド・クエスチョン,5
クロスドミナンス,5
クロソイド曲線,5
クロネッカーの青春の夢,5
グングニル,5
ケーニヒスベルクの橋,5
ケーララの赤い雨,5
ゲシュペルト,5
ケスラーシンドローム,5
ゲツセマネの祈り,5
ケッペンの気候区分,5
ゲリマンダー,5
ケリュネイアの鹿,5
ケルトの虎,5
ゲルハルト・ベルガー,5
ゴイアニア被曝事故,5
ゴースティング,5
ゴールドウォーター・ルール,5
ゴジラ・メガムリオン,5
コスタリカの石球,5
コソの点火プラグ,5
コップの中の嵐,5
コメットハンター,5
コモンズの悲劇,5
コリオリの力,5
ゴルゴダの丘,5
ゴルディアスの結び目,5
コロンビアン・ネクタイ,5
コンドラチェフの波,5
コンプリートガチャ,5
ザゼンソウ,5
サッカー戦争,5
サブインシジョン,5
ザプルーダー・フィルム,5
サラディンの鷹,5
サルコファガス,5
サルの自撮り,5
サルミアッキ,5
サワートゥ・カクテル,5
サンジェルマン伯爵,5
サンダラムの篩,5
サンバルテルミの虐殺,5
シーシュポスの岩,5
ジーン・ディクソン効果,5
ジェヴォーダンの獣,5
シェルピンスキーのカーペット,5
シェルピンスキーのギャスケット,5
シケイダ3301,5
シスジェンダー,5
シチリアの晩鐘,5
しっぺ返し戦略,5
シニョン,5
ジニ係数,5
シノファイル,5
シバの女王,5
ジブリの呪い,5
ジミー・カーターウサギ事件,5
シミュレーション仮説,5
ジムノペディ,5
シモ・ヘイヘ,5
シャーウッドの森,5
ジャック・ザ・リッパー,5
ジャックナイフ現象,5
シャノンの最終機械,5
ジャン＝ミシェル・バスキア,5
しゃんしゃん総会,5
シュヴァリエ・デオン,5
シュガーシャック,5
ジュグラーの波,5
シュレディンガーの猫,5
シュレディンガーの猫,5
ジョーンズタウン,5
ジョハリの窓,5
ジョン・タイター,5
ジョン・タイター,5
ジョン・フォン・ノイマン,5
ジョンバール分岐点,5
シンクロニシティ,5
シンデレラコンプレックス,5
シンフォニア・タプカーラ,5
スイーツ(笑),5
スカイフィッシュ,5
スカンデルベグの鷲,5
スキャモンの発育曲線,5
ステップアップガチャ,5
ストックホルムの血浴,5
ストライサンド効果,5
ストルイピンのネクタイ,5
ストループ効果,5
ストローマン,5
スペースデブリ,5
スペルガの悲劇,5
スポットライト症候群,5
スレイマンの星,5
セイの法則,5
セフィロト,5
セントエルモの火,5
セントラリア,5
ゾウの足,5
ソーカル事件,5
ソディの六球連鎖,5
ソニー・ビーン,5
ソニータイマー,5
ソマトスタチン,5
ソラリゼーション,5
ソレノイド,5
ソロモンの指輪,5
ソンブレロ,5
タアーロフ,5
ダーウィンの海,5
ダーウィン賞,5
ダークトライアド,5
たいと,5
タイポグリセミア,5
ダイラタンシー,5
タキオン,5
タキサイキア現象,5
タキシング,5
タタールの軛,5
ダニング＝クルーガー効果,5
タビーの星,5
ダビデの星,5
ダモクレスの剣,5
ダランベールの誤り,5
ダンシングマニア,5
タンホア鉄橋,5
チーミング,5
チャクラム,5
チャトランガ,5
ツァーリボンバ,5
ツルグレン装置,5
ツングースカ大爆発,5
ディアトロフ峠事件,5
デイヴィッド・ヒューム,5
ディオレッツァ,5
ディジュリドゥ,5
ディスコースマーカー,5
ディスペンパック,5
ディラックの海,5
デーモン・コア,5
テカムセの呪い,5
デジタルタトゥー,5
テセウスの船,5
デデキント切断,5
テトロドトキシン,5
テニスコートの誓い,5
テネレの木,5
デバフ,5
デフォルト・モード・ネットワーク,5
デリーの鉄柱,5
デリンジャー現象,5
デルフォイの神託,5
テレピン油,5
デンデラの電球,5
トゥキディデスの罠,5
トートロジー,5
トカイワイン,5
トプシー,5
ドベネックの桶,5
トマソン,5
ドミノ理論,5
トムソンのランプ,5
ドメイン投票,5
トラップストリート,5
トリアージ,5
トリスカイデカフォビア,5
トリスタンダクーニャ,5
ドリンカーの救命曲線,5
トルマン・オッペンハイマー・ヴォルコフ限界,5
ドレイクの方程式,5
トレスカの断面,5
トレミーの四十八星座,5
トロイの木馬,5
ドローレスの叫び,5
トロッコ問題,5
ドロレスの叫び,5
トントン・マクート,5
ナーフ,5
ナイラ証言,5
ナッシュ均衡,5
ナップサック問題,5
ナノプシャン,5
ナパーム弾,5
ナラティブ・インクワイアリー,5
ニカラグア手話,5
ニルギリ,5
ネイピアの骨,5
ネクロノミコン断章,5
ネコひねり問題,5
ネメアーの獅子,5
ノーシーボ効果,5
ノックスの十戒,5
ノルハルマン,5
ハーゲンベック方式,5
ハーバリウム,5
ハーベイロードの前提,5
バーマノウ,5
ハーモノグラフ,5
バールベックの巨石,5
バイオミメティ クス,5
ハイディンガーのブラシ ,5
ハイリゲンシュタットの遺書,5
ハイルブロンの怪人,5
ハインリッヒの法則,5
パウリ効果,5
バクスター効果,5
バグダッド電池,5
バクロニム,5
パスカルの三角形,5
パスカルの賭け,5
バズビーズチェア,5
バター猫のパラドックス,5
バッカルコーン,5
ハッシシ,5
ハッシュパピー,5
バッドアート美術館,5
パップ,5
ハナアルキ,5
バナッハ＝タルスキーのパラドックス,5
パナマ文書,5
ハニカム構造,5
バビ・ヤール大虐殺,5
パピルス,5
バビロンの空中庭園,5
バプテスマ,5
パブリシティ・スタント,5
パブロフの犬,5
バミューダトライアングル,5
バミる,5
パリ症候群,5
バルバスバウ,5
パレイドリア,5
パレート最適,5
パレンケの石棺,5
パワーナップ,5
パングラム,5
パンスペルミア説,5
パンダ・ポルノ,5
バンディアガラの断崖,5
パンとサーカス,5
バンドワゴン効果,5
パンプキン爆弾,5
ハンロンの剃刀,5
ピア効果,5
ピースメーカー,5
ピーターの法則,5
ピーリー・レイースの地図,5
ピカルディの三度,5
ピッチドロップ実験,5
ビデオゲームの墓場,5
ヒトラーの電動のこぎり,5
ヒポクラテスの誓い,5
ビャウォヴィエジャの森,5
ヒューミント,5
ヒュームのギロチン,5
ピューリッツァー賞,5
ヒュギエイアの杯,5
ビュフォンの針,5
ビュリダンのロバ,5
ピュロスの勝利,5
ヒョウモンダコ,5
ビリー・ミリガン,5
ヒルベルトの無限ホテルのパラドックス,5
ファイブロメラノーシス,5
ファティマの聖母,5
ファフロツキーズ,5
ファム・ファタール,5
ブアメードの血,5
ファラリスの雄牛,5
ファランクス,5
ファントム・バイブレーション・シンドローム,5
フィリバスター,5
フィンブルの冬,5
フー・ファイター,5
フーコーの振り子,5
ブートジョロキア,5
ブーバ/キキ効果,5
フェルール,5
フェルマーの最終定理,5
フェルマーの最終定理,5
フォールスコンセンサス効果,5
フォッサマグナ,5
フッ化水素,5
プラヴォ・ヤズディ,5
プラエネステのフィーブラ,5
ブラックスワン理論,5
ブラックバーンの振り子,5
フラットウッズモンスター,5
プラトンの立体,5
フランクリンの凧,5
フリーミアム,5
フリャジノの証人,5
ブリンクマン指数,5
ブリンクマン指数,5
ブループ,5
フレーメン反応,5
フローレンス・フォスター・ジェンキンス,5
プロクルステスの寝台,5
ブロッケン現象,5
プロビデンスの目,5
ベイカーベイカーパラドックス,5
ベイツ型擬態,5
ベイトソンの鐘楼,5
ヘイフリック限界,5
ベイリー・ビーズ,5
ペスト医師,5
ヘスペリデス,5
ベツレヘムの星,5
ヘリテージング,5
ベルメスの顔,5
ペレーの毛,5
ペレーの涙,5
ベロア,5
ヘロストラトスの名誉,5
ベンハムの独楽,5
ヘンペルのカラス,5
ペンローズの階段,5
ポエニ戦争,5
ポー・トースター,5
ポートマントー,5
ボールドウィン・ストリート,5
ホールピペット,5
ボストン糖蜜災害,5
ほったらかし温泉,5
ホッテントット ,5
ホットハンドの誤謬,5
ポルカドット,5
ホルスの目,5
ポルタトーリ,5
ボルツマン脳,5
ホローポイント弾,5
ボロブドゥール遺跡,5
ポロロッカ,5
マースレニッツァ,5
マーハン・カリミ・ナセリ,5
マイクロペイメント,5
マインドマップ,5
マグサイサイ賞,5
マクスウェルの悪魔,5
マクデブルグの半球,5
マクドナルド・コーヒー事件,5
マスコットバット,5
マックス・ヘッドルーム事件,5
マラドーナ教,5
マラルディの角度,5
マランゴニ対流,5
マルセル・プルーストの質問表,5
マンドンベ文字,5
ミウラ折り,5
ミオスタチン,5
ミッキーマウスの壁画,5
ミニアチュール,5
ミネルヴァのフクロウ,5
ミュラー型擬態,5
ミュンヒハウゼンのトリレンマ,5
ミュンヒハウゼン症候群,5
ミラーニューロン,5
ミルウォーキー・プロトコル,5
ムービングゴールポスト,5
ムペンバ効果,5
メアリー・セレスト号,5
メアリーの部屋,5
メープルシロップ尿症,5
メープルタフィー,5
メギドの丘,5
メタ認知,5
メデューサの頭,5
メトカーフの法則,5
メビウスの輪,5
メフィストフェレス,5
メメントモリ,5
メルケルの斜方形,5
メルセンヌ素数,5
メルテンス型擬態,5
メンガーのスポンジ,5
モース硬度,5
モーセの十戒,5
モーツァルト効果,5
モーニングスター,5
モケーレムベンベ,5
モデナの恋人達,5
モノクローナル抗体,5
モラルパニック,5
モロトフ・カクテル,5
モンスの天使,5
モンティ・ホール問題,5
モンテッソーリ教育,5
ヤールギュレシ,5
ヤコブソン器官,5
ヤコブの梯子,5
ヤリキレナイ川,5
ヤンソンの誘惑,5
ユダの揺籃,5
ユリウス日,5
ユンガスの道,5
ラーテル,5
ライナスの毛布,5
ライノウイルス,5
ライヒスタークの赤旗,5
ライフゲーム,5
ラザロ徴候,5
ラスパイレス指数,5
ラッセルのティーポット,5
ラプラスの悪魔,5
ラングトンのアリ,5
ランドサット,5
ランブリング,5
リービッヒの最小律,5
リーマン面,5
リーマン予想,5
リスキーシフト,5
リチャードソンの夢,5
リッカート尺度,5
リムノグナシア,5
リングワンデルング,5
ルイベ,5
ルーズベルトゲーム,5
ルーローの三角形,5
ルビンの壺,5
ルブアルハリ砂漠,5
ルルドの泉,5
レ・ドロワ・ユメー,5
レイリー散乱,5
レーベンシュタイン距離,5
レシュティの溝,5
レトロニム,5
レピュテーションリスク,5
レボンボの骨,5
レミング,5
ロービジョン,5
ローレル指数,5
ロガエスの書,5
ロシュ限界,5
ロンギヌスの槍,5
ロンギヌスの槍,5
ワールド・ジャンプ・デー,5
ワインの涙,5
ワルプルギスの夜,5
悪貨は良貨を駆逐する,5
葦原金次郎,5
安楽死ジェットコースター,5
杏マナー,5
伊良部大橋,5
囲繞地,5
易怒的,5
違法素数,5
育児嚢,5
一貫性の原理,5
一行で笑ったら寝ろ,5
宇部興産専用道路,5
雲形定規,5
曳航,5
厭悪,5
円表示B型軍票,5
猿ヶ森砂丘,5
黄巾の乱,5
黄金の林檎,5
温石,5
夏緑樹林,5
果心居士,5
火星の人面岩,5
海の民,5
灰吹から蛇が出る,5
蒲色,5
勘気,5
寛永通宝,5
寛仮,5
寛容のパラドックス,5
漢江の奇跡,5
亀甲船,5
喫水線,5
急湍,5
牛頭馬頭,5
巨石人頭像,5
共感覚,5
共感性羞恥,5
恐怖の大王,5
恐竜士偶,5
暁光,5
緊締幕,5
近交弱勢,5
九蓮宝燈,5
空の巣症候群,5
空飛ぶスパゲッティ・モンスター教,5
熊落とし,5
荊棘,5
鶏が先か、卵が先か,5
鯨の爆発,5
月暈,5
見えざるピンクのユニコーン,5
見るなのタブー,5
賢所乗御車,5
遣らずの雨,5
五星紅旗,5
五体投地,5
光芒,5
好訴妄想,5
宏観異常現象,5
剛腹,5
忽然と客の消えるブティック,5
砂山のパラドックス,5
斎場御嶽,5
罪刑法定主義,5
坂田山心中事件,5
三億円事件,5
三焦,5
三色同順,5
三毛別羆事件,5
死戦期呼吸,5
字一色,5
軸索,5
七里の渡し,5
紗がかかる,5
蛇いちご賞,5
主観色,5
手燭,5
首なし鶏マイク,5
樹冠,5
囚人のジレンマ,5
終末時計,5
衆生済度,5
銃床,5
銃把,5
準結晶,5
巡回セールスマン問題,5
少年十字軍,5
親殺しのパラドックス,5
人体自然発火現象,5
人皮装丁本,5
刃引き,5
酢っぱい葡萄,5
水槽の脳,5
水平二連銃,5
酔っぱらいのマント,5
世界五分前仮説,5
正65537角形,5
生成文法,5
生得論,5
生命の樹,5
聖釘,5
西暦10000年問題,5
青木まりこ現象,5
斉一性の原理,5
赤い葡萄畑,5
切り裂きジャック,5
戦時猛獣処分,5
閃輝暗点,5
全能の逆説,5
則天文字,5
袖ビーム,5
多項式時間,5
多士済済,5
帯封,5
袋地,5
代理ミュンヒハウゼン症候群,5
大殺界,5
大数の法則,5
大喪儀,5
大露羅,5
竪坑,5
単純接触効果,5
地球空洞説,5
虫媒花,5
長南年恵,5
鳥葬,5
痛税感,5
挺身隊,5
泥棒男爵,5
哲学的ゾンビ,5
天水桶,5
転轍機,5
電気陰性度,5
土師器,5
投扇興,5
等比級数,5
南極のニンゲン,5
猫オルガン,5
破廉恥罪,5
肺尖,5
白色矮星,5
爆発律,5
箱推し,5
判じ物,5
番町皿屋敷,5
飛蚊症,5
謬見,5
病跡学,5
品字様,5
不可知論,5
武器軟膏,5
風媒花,5
払暁,5
閉世界仮説,5
片手軍刀術,5
返報性の原理,5
暴力装置,5
麻薬・覚醒剤取締法,5
抹香,5
民間語源,5
無限の猿定理,5
無風選挙,5
矛盾許容論理,5
明眸皓歯,5
盟神探湯,5
迷鳥,5
茂林寺,5
木鐸,5
黙字,5
油土,5
幽霊文字,5
幽霊名字,5
誘蛾灯,5
予定説,5
遥拝,5
濫給,5
裏砂漠,5
竜飛定点,5
和毛,5
凛冽,5
拱手,5
擱座,5
斃死,5
框,5
梟雄,5
篩法,5
薔薇戦争,5
裨益,5
褫奪,5
鰥寡,5
